calibration_record_id,benchmark_id,corpus_id,title,expected_screening,model_decision,exact_agreement,model_reason_code,model_confidence,model_needs_full_text,model_rationale,final_category,reviewer_note,pre_adjudication_expected_screening,postrun_status
BV-001,B009,CWC-D0DB0DCA6CA8,"Detecting sedimentation impacts to coral reefs resulting from dredging the Port of Miami, Florida USA",TRANSFERABLE_MECHANISM,EXCLUDE,False,X02_TROPICAL_NO_TRANSFER,HIGH,False,Tropical coral reef study; no explicit transferable mechanism beyond general sedimentation impacts.,,,TRANSFERABLE_MECHANISM,GENUINE_MODEL_FAILURE
BV-002,B003,CWC-D670110C23A8,A Time Series Study of Lophelia pertusa and Reef Megafauna Responses to Drill Cuttings Exposure on the Norwegian Margin,CORE_INCLUDE,CORE_INCLUDE,True,,HIGH,False,"Explicit cold-water coral (Lophelia pertusa) exposed to drill cuttings and drilling fluids; study evaluates behavioral responses via ROV monitoring, meeting core criteria.",,,CORE_INCLUDE,AGREES
BV-003,B007,CWC-15253A8B5317,"Water quality and coral bleaching thresholds: Formalising the linkage for the inshore reefs of the Great Barrier Reef, Australia",EXCLUDE,EXCLUDE,True,X02_TROPICAL_NO_TRANSFER,MEDIUM,False,Title indicates tropical Great Barrier Reef corals and bleaching thresholds. No explicit sediment exposure or transferable mechanism in title; bleaching is not a sediment-specific response. Excluded as tropical without transferable mechanism.,,,EXCLUDE,AGREES
BV-004,B002,CWC-93C925DB4EEE,Resistance of Lophelia pertusa to coverage by sediment and petroleum drill cuttings,CORE_INCLUDE,CORE_INCLUDE,True,,HIGH,False,"Explicit cold-water coral (Lophelia pertusa) exposed to sediment and drill cuttings; assesses mortality, tissue damage, and oxygen effects. Core eligible.",,,CORE_INCLUDE,AGREES
BV-005,B008,CWC-5D1466F137F4,The 27–year decline of coral cover on the Great Barrier Reef and its causes,EXCLUDE,EXCLUDE,True,X02_TROPICAL_NO_TRANSFER,MEDIUM,False,Title indicates tropical Great Barrier Reef coral cover decline; no explicit sediment stressor or transferable mechanism in title. Excluded as tropical without transferable mechanism.,,,EXCLUDE,AGREES
BV-006,B001,CWC-7A3BE9870A2A,Sedimentation on the cold-water coral Lophelia pertusa: Cleaning efficiency from natural sediments and drill cuttings,CORE_INCLUDE,CORE_INCLUDE,True,,HIGH,False,"Explicit cold-water coral, sediment/drill cuttings exposure, and responses including cleaning, smothering, and mortality. Substantive experimental study.",,,CORE_INCLUDE,AGREES
BV-007,B005,CWC-B27727ED4386,Effects of suspended drill cuttings on the coral <i>Lophelia pertusa</i> using pulsed and continuous exposure scenarios,CORE_INCLUDE,CORE_INCLUDE,True,,HIGH,False,"Explicit cold-water coral (Lophelia pertusa) exposed to drill cuttings; assesses multiple eligible responses including growth, mucus production, respiration, and smothering. Core include.",,,CORE_INCLUDE,AGREES
BV-008,B004,CWC-104B2C5A7924,Sediment impacts on marine sponges,UNCERTAIN,UNCERTAIN,True,U01_MISSING_ABSTRACT,LOW,True,"Title-only record lacks abstract. Organism is in scope, but sediment stressor and response are unspecified. Cannot determine eligibility or transferability without more information.",,,TRANSFERABLE_MECHANISM,AGREES
BV-009,B006,CWC-ACA26F043233,Effects of terrestrial runoff on the ecology of corals and coral reefs: review and synthesis,TRANSFERABLE_MECHANISM,TRANSFERABLE_MECHANISM,True,,MEDIUM,False,"Review explicitly evaluates coral responses to sedimentation and turbidity, including growth, survival, reproduction, and recruitment. Although likely tropical, mechanisms are broadly applicable and transferable. No explicit cold-water context, but transferable mechanism is clear.",,,EXCLUDE,AGREES
