calibration_record_id,corpus_id,decision,reason_code,organism_evidence,stressor_evidence,response_evidence,transferability_basis,screening_source,confidence,needs_full_text,rationale,attempts,request_sha256,response_sha256
BV-001,CWC-D0DB0DCA6CA8,EXCLUDE,X02_TROPICAL_NO_TRANSFER,"Coral reefs in Miami, Florida (tropical/subtropical)",Sedimentation from dredging,Coral reef impacts from sedimentation,,TITLE_ABSTRACT,HIGH,False,Tropical coral reef study; no explicit transferable mechanism beyond general sedimentation impacts.,1,bf208a613ddd1a06f1ecd210ad39d30e1ff81c8ab6e32c15aea0a8e0f99542f6,4576192d80798b436fcbdb342bd315377a23a8881ae59691d582cf33a359e6ab
BV-002,CWC-D670110C23A8,CORE_INCLUDE,,Lophelia pertusa (cold-water coral) reefs on Norwegian margin,Drill cuttings and drilling fluids exposure from drilling operations,"Coral polyp behavior compared across exposure levels; monitoring before, during, after drilling",,TITLE_ABSTRACT,HIGH,False,"Explicit cold-water coral (Lophelia pertusa) exposed to drill cuttings and drilling fluids; study evaluates behavioral responses via ROV monitoring, meeting core criteria.",1,f78de833acc04495a0462488b8d55b03c248ff16f70251e9d3485cc4d59bf98f,c7dd6b815c213fda0a3430cb837414431896cbbed035e6a4948aa6cbd4656ba0
BV-003,CWC-15253A8B5317,EXCLUDE,X02_TROPICAL_NO_TRANSFER,"Inshore reefs of the Great Barrier Reef, Australia (tropical corals)","Water quality (likely sediment-related, but not explicit in snippet)",Coral bleaching thresholds,,TITLE_ONLY,MEDIUM,False,Title indicates tropical Great Barrier Reef corals and bleaching thresholds. No explicit sediment exposure or transferable mechanism in title; bleaching is not a sediment-specific response. Excluded as tropical without transferable mechanism.,1,f444167db176ebd3bcd7fd148272d865ea23a29aad1f85b17d7125ade26c5877,24d5978b00b243e62a5ebd008f8ae11d6e25c7943a4ff435736ebce6e3005aee
BV-004,CWC-93C925DB4EEE,CORE_INCLUDE,,Cold-water coral Lophelia pertusa,"Exposure to settling particles: reef sediment, petroleum drill cuttings, and mix","Anoxia development, polyp mortality, tissue damage, suffocation, oxygen accessibility",,TITLE_ABSTRACT,HIGH,False,"Explicit cold-water coral (Lophelia pertusa) exposed to sediment and drill cuttings; assesses mortality, tissue damage, and oxygen effects. Core eligible.",1,d0947bf9e4c6721feedbf13d8f6a1befd3c2fa3706128f2df682aa3809c7f847,3a5da507774bda0cf02e0a416d4432e9a05c234f092d5746d6f08037b9cfdb2a
BV-005,CWC-5D1466F137F4,EXCLUDE,X02_TROPICAL_NO_TRANSFER,Coral cover on the Great Barrier Reef (tropical corals),No explicit sediment-related stressor mentioned in title/abstract,Decline in coral cover,,TITLE_ONLY,MEDIUM,False,Title indicates tropical Great Barrier Reef coral cover decline; no explicit sediment stressor or transferable mechanism in title. Excluded as tropical without transferable mechanism.,1,3a67cb060668e05dda3927e7c233bd00281a127894ab92507d30a6bdd9f0544e,519c5005b9e67d7d0bf88a9830a5029184144463167cabfbe3ed96e0d4e34b51
BV-006,CWC-7A3BE9870A2A,CORE_INCLUDE,,Cold-water coral Lophelia pertusa,"Sedimentation, drill cuttings, burial","Cleaning efficiency, smothering, polyp mortality",,TITLE_ABSTRACT,HIGH,False,"Explicit cold-water coral, sediment/drill cuttings exposure, and responses including cleaning, smothering, and mortality. Substantive experimental study.",1,d7b838b07a71168ed0287b3f68517d4cd7f63fe17b99fe9f5275113e275d4708,193d42d03a1702de7db8ab8f22c6c667cc225344f663ab2e0eca5978b9180b57
BV-007,CWC-B27727ED4386,CORE_INCLUDE,,Cold-water coral Lophelia pertusa,"Suspended drill cuttings (DC) from offshore exploration, pulsed and continuous exposure","Respiration, growth, mucus production, fatty acid content, prey capture, polyp activity, smothering of coenosarc",,TITLE_ABSTRACT,HIGH,False,"Explicit cold-water coral (Lophelia pertusa) exposed to drill cuttings; assesses multiple eligible responses including growth, mucus production, respiration, and smothering. Core include.",1,36dfad8ef922954d0521236f844986a268fb00ef89c97d4302dd777c349cbb2f,ba43f8962429e9f17157f48cfdc918cbb6e5e2b6382ade47b041ae0e909c2f44
BV-008,CWC-104B2C5A7924,UNCERTAIN,U01_MISSING_ABSTRACT,Marine sponges (Porifera) are the focus of the title.,Title mentions 'sediment impacts' but does not specify the type of sediment stressor.,Title mentions 'impacts' but does not specify the biological response.,,TITLE_ONLY,LOW,True,"Title-only record lacks abstract. Organism is in scope, but sediment stressor and response are unspecified. Cannot determine eligibility or transferability without more information.",1,9b2ebd236092e8c768da6876689c4400447eb47acddda2e75451644b3281d1b2,581983c84b120f0b049209beb33eb1732bebef9aa180588cfb4a35464d9b100c
BV-009,CWC-ACA26F043233,TRANSFERABLE_MECHANISM,,"Hard coral colonies, coral reproduction and recruitment, and interacting organisms (coralline algae, bioeroders, macroalgae, heterotrophic filter feeders, pathogens, predators).","Terrestrial runoff, including increased sedimentation, turbidity, light reduction, and particulate organic matter enrichment.","Growth, survival, reproduction, recruitment, and interactions with competitors and predators; mechanisms of response to sedimentation and turbidity.","Review of direct effects of sedimentation and turbidity on coral growth, survival, reproduction, and recruitment, providing broadly applicable mechanisms relevant to cold-water coral vulnerability.",TITLE_ABSTRACT,MEDIUM,False,"Review explicitly evaluates coral responses to sedimentation and turbidity, including growth, survival, reproduction, and recruitment. Although likely tropical, mechanisms are broadly applicable and transferable. No explicit cold-water context, but transferable mechanism is clear.",1,e66bedc85578b58ac396114f1163314eda15d43845261d70b30c7dc248c1fead,ad0523421cf7cc4054424802665b935eff1ee1d77a71ac8f2ab249013fafb488
