validation_record_id,corpus_id,title,doi,url,final_category,core_include_trusted,review_required,reason_code,confidence,needs_full_text,rationale,organism_evidence,stressor_evidence,response_evidence,transferability_basis,citation_chain_basis,access,access_type,access_url
PEV-001,CWC-76DBA2881C9F,Eco-physiological responses of cold-water soft corals to anthropogenic sedimentation and particle shape,10.1016/j.jembe.2018.02.009,https://doi.org/10.1016/j.jembe.2018.02.009,CORE_INCLUDE,True,False,,HIGH,False,"The abstract clearly describes a cold-water coral study (Duva florida and Primnoa resedaeformis) with an explicit sediment stressor: mine tailings vs smooth glass beads. Measured biological responses include food intake, behavior (contraction), tissue/polyp loss, and particle incorporation. This directly matches core inclusion criteria for deep-sea/cold-water coral trait responses to sediment exposure. No eligibility failure is present. The closest alternative would be CITATION_CHAIN_CANDIDATE, but that is unnecessary because the source itself reports in-scope response evidence.","Cold-water soft corals Duva florida and Primnoa resedaeformis, from cold-water coral ecosystems.","Anthropogenic sedimentation from mine tailings (MT) and smooth glass beads (GB) at 8 mg/L, 0-63 µm; explicitly contrasts sharp vs smooth particle shape.",Measured food intake by C-13/C-12 isotope ratios; behavioral contraction via time-lapse; polyp loss; histological particles embedded in tissue; species-specific responses.,,,YES,FROZEN_PUBLIC_FULL_TEXT_LOCATION,https://www.research.ed.ac.uk/en/publications/868d8144-5e3c-450f-8b6c-2eb0be9df80d
PEV-002,CWC-EB4D858B73AC,Coral morphology detection in underwater imagery using YOLOv12 with CNN and transformer encoder fusion,10.1038/s41598-026-42591-z,https://doi.org/10.1038/s41598-026-42591-z,EXCLUDE,False,False,X08_OTHER_SCOPE_FAILURE,HIGH,False,"This record is a computer vision methods paper on coral morphology detection in underwater imagery. It does not address deep-sea or cold-water corals, sediment exposure, or any observed/measured biological response. The mention of turbidity concerns image quality, not a sediment stressor or pathway. No eligible trait response is reported, and the source is not a credible citation-chain lead for sediment-related coral or sponge effects. Therefore it is excluded.","Corals mentioned generally, but not specifically deep-sea/cold-water species; no organism-level biological response.",No sediment-related exposure; turbidity and light scattering are discussed only as image distortions for computer vision.,"No biological or trait response; only algorithmic detection performance metrics (precision, recall, mAP).",,,YES,FROZEN_PUBLIC_FULL_TEXT_LOCATION,https://doi.org/10.1038/s41598-026-42591-z
PEV-003,CWC-D9FA66DE2FA6,Environmental Atrocities in the South China Sea: The Science Behind Conservation Recourse,10.57043/transnastphl.2017.1067,https://doi.org/10.57043/transnastphl.2017.1067,EXCLUDE,False,False,X02_TROPICAL_NOT_CLOSELY_TRANSFERABLE,HIGH,False,"The abstract clearly describes tropical coral reef damage in the South China Sea caused by sedimentation from dredging and island building. It does not focus on deep-sea or cold-water corals or sponges, and the reported effects are at the ecosystem/reef level rather than an organism-level functional trait. The general coral-reef damage is explicitly listed as not sufficiently transferable. Therefore, this is not a core include, not a transferable mechanism, and not a citation-chain candidate because the source is not a deep-sea/cold-water coral or sponge source with a direct sediment focus. Exclusion with X02 is appropriate.",Tropical coral reefs in the South China Sea; no specific deep-sea or cold-water coral or sponge species reported.,Sedimentation from dredging activities and island building on reef flats.,General coral reef damage and likely influence on regional reef productivity; no organism-level trait or biological response measured.,,,YES,FROZEN_PUBLIC_FULL_TEXT_LOCATION,https://doi.org/10.57043/transnastphl.2017.1067
PEV-004,CWC-C69AD807E3BA,Tolerance to long-term exposure of suspended benthic sediments and drill cuttings in the cold-water coral Lophelia pertusa,10.1016/j.marpolbul.2013.02.033,https://doi.org/10.1016/j.marpolbul.2013.02.033,CORE_INCLUDE,True,False,,HIGH,False,"The abstract explicitly reports an experimental study on a cold-water coral (Lophelia pertusa) exposed to suspended benthic sediments and drill cuttings for 12 weeks. Measured responses include skeletal growth, polyp extension, respiration, tissue/fatty acid composition, mucus release, and larval vulnerability. This matches all CORE_INCLUDE criteria: relevant organism, explicit sediment/drill-cuttings exposure, and observed/measured biological responses. The study is substantive and directly on-topic. No other category is preferable; it is not merely a citation lead, not tropical, and not uncertain.",Cold-water coral Lophelia pertusa,Suspended benthic sediments (<63 μm) and water-based drill cuttings at concentrations ~5 and ~25 mg/L,Reduced skeletal growth at higher particle concentrations; decreased polyp extension; no significant impact on respiration or tissue/fatty acids; low mucus release; pilot evidence of larval vulnerability,,,NO,NOT_CONFIRMED,
PEV-005,CWC-66237F4DDA16,Rapid respiratory responses of the deep-water sponge Geodia barretti exposed to suspended sediments,10.3354/ab00522,https://doi.org/10.3354/ab00522,CORE_INCLUDE,True,False,,HIGH,False,"The record explicitly concerns a deep-water sponge exposed to suspended sediments, and it measures a biological response (respiration) with clear exposure-response relationships and recovery. This meets all CORE_INCLUDE criteria: deep-sea/cold-water organism, explicit sediment pathway, observed physiological response, and substantive experimental source. No alternative category is needed.","Deep-water sponge Geodia barretti (Demospongiae) from the Barents Sea, Norway.","Suspended sediments from bottom trawling, with experimental concentrations of 0, 10, 50, 100, and 500 mg l^-1.","Measured respiration rates before, during, and after exposure; 86% reduction in respiration at 100 mg l^-1, thresholds between 10 and 50 mg l^-1, and rapid recovery after exposure.",,,NO,NOT_CONFIRMED,
PEV-006,CWC-6A83F026EEB4,Suspended sediment grain size and mineralogy across the continental shelf of the Great Barrier Reef: Impacts on the physiology of a coral reef sponge,10.1016/j.csr.2011.10.018,https://doi.org/10.1016/j.csr.2011.10.018,TRANSFERABLE_MECHANISM,False,True,T01_CLOSE_TRAIT_ANALOGUE,HIGH,False,"The record is a warm-water (Great Barrier Reef) study, so it cannot be CORE_INCLUDE without a transferred mechanism. However, it directly measures a sponge's metabolic (respiration) response to controlled sediment exposure, which is specifically listed as a close organism-level functional analogue for deep-sea sponge sediment responses. The abstract provides explicit sediment grain size/mineralogy, exposure, and respiration outcome. This is preferable to EXCLUDE because the trait is quantitative and organism-level, not a broad community or water-quality effect. It is not a CITATION_CHAIN_CANDIDATE because it itself contains in-scope response evidence for transferable mechanism.",Coral reef sponge Rhopaloeides odorabile (Porifera) from the Great Barrier Reef.,Experimental exposure to fine terrigenous clay and carbonate suspended sediments; sediment grain size and mineralogy characterized across shelf.,Metabolic demand (respiration) increased up to 40% in response to clay sediments.,"Sponge respiration is an organism-level physiological response directly comparable to deep-sea sponge respiratory costs under sediment stress; both are filter-feeding Porifera with sediment exposure affecting metabolism. This is a quantitative physiological response to suspended sediment, analogous to respiration or filtering responses in cold-water sponges.",,NO,NOT_CONFIRMED,
PEV-007,CWC-908DE8E1A7FD,"Barite and barium in sediments and coral skeletons around the hydrocarbon exploration drilling site in the Træna Deep, Norwegian Sea",10.1007/s00254-007-1145-4,https://doi.org/10.1007/s00254-007-1145-4,CITATION_CHAIN_CANDIDATE,False,True,C01_DEEP_COLD_CONTEXT_NO_RESPONSE,HIGH,False,"The record reports a deep-sea cold-water coral (Lophelia) and an explicit drilling-mud/sediment exposure pathway. However, it does not present an observed or measured biological response; 'stress' and 'damage' are inferred, and barite crystals trapped in coral polyps represent physical trapping rather than a trait response. Therefore CORE_INCLUDE is not justified. It is a substantive source with a clear sediment/drilling focus in a cold-water coral setting, making its reference list a credible route to in-scope evidence. EXCLUDE would be inappropriate given this direct relevance, and UNCERTAIN is unnecessary because the abstract provides enough to classify it as a citation-chain lead.","Lophelia pertusa coral reefs in the Træna Deep, Norwegian Sea (deep-sea cold-water coral).",Hydrocarbon exploration drilling mud containing barite; elevated sediment supply and dispersion; barite crystals in sediments and trapped in coral polyps.,"No measured or explicitly assessed biological response; 'stress' and 'damage' are inferred and stated not significant. Barite in polyps is physical trapping, not an eligible trait response.",,Substantive deep-sea/cold-water coral study with a direct drilling-mud and sediment-dispersal focus at Lophelia reefs; its reference list is likely to include in-scope sediment-related biological response studies.,NO,NOT_CONFIRMED,
PEV-008,CWC-D97220223ADA,"Effects of terrestrial runoff on the coral communities in Santiago Bay, Colima, Mexican Pacific Coast",10.15517/rbt.v64i3.21817,https://doi.org/10.15517/rbt.v64i3.21817,EXCLUDE,False,False,X02_TROPICAL_NOT_CLOSELY_TRANSFERABLE,HIGH,False,"The abstract describes a tropical Mexican Pacific coral reef community under multiple stressors including runoff and sedimentation. There is no evidence of deep-sea or cold-water corals, and the response is a broad community coverage loss rather than a close functional analogue such as polyp retraction, mucus clearance, or sediment dose-response. Therefore, it does not qualify as CORE_INCLUDE or TRANSFERABLE_MECHANISM. It is also not a useful citation-chain lead because it lacks a deep-sea/cold-water and sediment-specific focus. EXCLUDE with X02 is most appropriate.","Corals at La Boquita reef, Mexican Pacific; tropical/subtropical reef community, not deep-sea or cold-water.","Terrestrial runoff, sedimentation, turbidity, nutrients, wastewater, and erosion; no explicit sediment-only pathway.",Community-level coral coverage loss (17%) and chronic stress indicators; no organism-level functional trait response measured.,,,YES,FROZEN_PUBLIC_FULL_TEXT_LOCATION,https://revistas.ucr.ac.cr/index.php/rbt/article/download/21817/25856
PEV-009,CWC-1E8A06594C30,Appearance matters: sedimentation effects on different sponge morphologies,10.1017/s0025315414001787,https://doi.org/10.1017/s0025315414001787,UNCERTAIN,False,True,U02_AMBIGUOUS_ORGANISM,LOW,True,"The supplied abstract clearly reports sediment-related sponge responses (mortality, tissue necrosis, lack of pigment/microbiome changes) and identifies a sediment exposure pathway. However, it does not state whether the sponges are deep-sea/cold-water or warm-water/tropical. CORE_INCLUDE requires deep-sea/cold-water organisms; TRANSFERABLE_MECHANISM requires a non-core warm-water or tropical study. Because neither condition can be confirmed from the available text, and no specific exclusion is demonstrated, the record is UNCERTAIN. Full-text or additional metadata is needed to determine the habitat/temperature context and species biogeographic range. Confidence is LOW due to missing information.","Sponges (10 species encompassing massive, erect, cup, and encrusting morphologies); species include Callyspongia confoederata; no explicit deep-sea or cold-water designation.","Dredging-related sedimentation; single pulse of three sediment concentrations (0, 250, 500 mg l-1); TSS and sedimentation rates recorded; smothering of sponge surface mentioned.",Mortality of cup-shaped Callyspongia confoederata; small areas of tissue necrosis in other species; no changes in sponge pigments or microbial community structure.,,,NO,NOT_CONFIRMED,
PEV-010,CWC-EB1347CE427C,"Palaeoecological and sedimentological characteristics of the Lower Tortonian scleractinian reef corals of Gavdos Island, southern Greece",10.1016/j.geobios.2012.12.001,https://doi.org/10.1016/j.geobios.2012.12.001,EXCLUDE,False,False,X01_ORGANISM_OUT_OF_SCOPE,MEDIUM,False,"The title describes palaeoecological and sedimentological characteristics of Lower Tortonian scleractinian reef corals from Gavdos Island, southern Greece. Tortonian reef corals are warm-water, shallow-water scleractinians, not deep-sea or cold-water corals or sponges. The record therefore fails the organism scope requirement. The mention of sedimentology is not an explicit sediment stressor or biological response, and no transferable functional analogue is indicated because fossil reef corals do not directly inform deep-sea or cold-water coral/sponge traits. There is no basis for citation-chain screening because this is not a deep-sea/cold-water sediment-focused source. EXCLUDE is preferred over UNCERTAIN because the title is sufficiently clear about the non-target organism type.","Lower Tortonian scleractinian reef corals of Gavdos Island, southern Greece",No explicit sediment-related exposure or pathway is identified from the title alone; mention of sedimentological characteristics is not evidence of a sediment stressor or biological response.,No coral or sponge biological response to sediment is described in the available text.,,,NO,NOT_CONFIRMED,
PEV-011,CWC-3BA5EE36CD77,Suspended sediment causes feeding current arrests in situ in the glass sponge Aphrocallistes vastus,10.1016/j.marenvres.2018.02.020,https://doi.org/10.1016/j.marenvres.2018.02.020,CORE_INCLUDE,True,False,,HIGH,False,"This is a core in-scope record. The organism is a cold-water glass sponge, the stressor is explicitly suspended sediment, and the response is a measured biological effect (feeding current arrests, a form of pumping/filtration impairment). The abstract directly reports in situ experimental evidence linking elevated SSCs to arrest behaviours. This meets all CORE_INCLUDE criteria. No transferability or citation-chain reasoning is needed.","Glass sponge Aphrocallistes vastus at Fraser Ridge sponge reef, Strait of Georgia, BC (cold-water/deep-sea sponge).","Suspended sediment concentrations (SSCs) increased by experimental disturbances, including levels 10-80 mg/l, compared to natural SSCs.","Feeding current arrests observed in situ: 23 arrests, single arrests lasting ~4.25 min, coughing arrests up to ~31 min; arrest onset correlated with elevated SSCs (r = -0.83 to -0.92).",,,NO,NOT_CONFIRMED,
PEV-012,CWC-6CB118B28AB2,A comparison between boat-based and diver-based methods for quantifying coral bleaching,10.1016/j.jembe.2015.02.017,https://doi.org/10.1016/j.jembe.2015.02.017,EXCLUDE,False,False,X03_STRESSOR_OUT_OF_SCOPE,HIGH,False,"The record addresses methods for quantifying thermal coral bleaching in the Florida Keys, a warm-water tropical system. No deep-sea or cold-water coral or sponge is involved. The stressor is bleaching, not sediment, and turbidity is referenced only as an environmental constraint on imaging, not as an exposure pathway or biological stressor. There is no observed, measured, or modeled sediment-related response, and the tropical context lacks a close organism-level functional analogue to sediment effects on deep-sea corals or sponges. Thus the source is excluded.",Warm-water corals in the Florida Keys surveyed during a bleaching event.,"Coral bleaching event; turbidity and sea state are mentioned only as constraints on image-acquisition quality, not as sediment exposure or depositional pathway.","Quantification of bleaching categories (not bleached, pale, partially bleached, bleached); no sediment-related biological or trait response.",,,NO,NOT_CONFIRMED,
PEV-013,CWC-8A7D3E851AE3,Sediment tolerance of two different morphotypes of the deep-sea coral Lophelia pertusa from the Gulf of Mexico,10.3354/meps08191,https://doi.org/10.3354/meps08191,CORE_INCLUDE,True,False,,HIGH,False,"The abstract explicitly reports a deep-sea coral (Lophelia pertusa) exposed to suspended sediment and burial, with measured mortality responses. This matches core eligibility: deep-sea/cold-water organism, explicit sediment-related exposure, and an eligible biological response (mortality/tolerance). The source is a substantive peer-reviewed article. No ambiguity or need for full text; the abstract is sufficient for screening.","Deep-sea coral Lophelia pertusa, including two morphotypes (brachycephala and gracilis), from the Gulf of Mexico at depths >300 m.","Suspended sediment and complete burial using sediment collected from the study region, reflecting episodic resuspension of fine-grained particulates.",Tolerance to sediment quantified by mortality increasing with longer burial or higher sediment loads.,,,YES,FROZEN_PUBLIC_FULL_TEXT_LOCATION,https://www.int-res.com/articles/meps2009/390/m390p137.pdf
PEV-014,CWC-11C8578A23E4,Sediment and Turbidity Associated with Offshore Dredging Increase Coral Disease Prevalence on Nearby Reefs,10.1371/journal.pone.0102498,https://doi.org/10.1371/journal.pone.0102498,EXCLUDE,False,False,X02_TROPICAL_NOT_CLOSELY_TRANSFERABLE,HIGH,False,"This study examines tropical coral reefs exposed to dredging sediment plumes and reports elevated disease prevalence. The organisms are not deep-sea or cold-water corals, and the response (disease prevalence) is explicitly listed as not sufficiently transferable under the TRANSFERABLE_MECHANISM exception. There is no close organism-level functional analogue such as feeding, polyp retraction, or burial tolerance. Thus, it is excluded as tropical and not closely transferable.",Coral reef ecosystems; no indication of deep-sea or cold-water taxa,"Dredging-associated sediment plumes, sedimentation, turbidity",Increased prevalence of white syndromes and other compromised coral health indicators,,,YES,FROZEN_PUBLIC_FULL_TEXT_LOCATION,https://journals.plos.org/plosone/article/file?id=10.1371/journal.pone.0102498&type=printable
PEV-015,CWC-8F401C5284CD,"Influence of setting, sieve size, and sediment depth on multivariate and univariate assemblage attributes of coral reef-associated mollusc death assemblages from the Gulf of Aqaba",10.1007/s10347-018-0530-7,https://doi.org/10.1007/s10347-018-0530-7,EXCLUDE,False,False,X01_ORGANISM_OUT_OF_SCOPE,HIGH,False,"The title clearly indicates the study is about mollusc death assemblages in a coral reef environment (Gulf of Aqaba), not deep-sea or cold-water corals/sponges, and no sediment-related coral/sponge trait or biological response is described. The organism is outside scope, and it is not a close functional analogue to a coral/sponge. There is no basis for citation chaining as it is not a substantive deep-sea/cold-water coral or sponge source.","Study focuses on coral reef-associated mollusc death assemblages, not corals or sponges.","Sediment depth and sieve size are examined, but in the context of taphonomic/assemblage attributes of molluscs.","Multivariate and univariate assemblage attributes of mollusc death assemblages, not biological responses of corals or sponges.",,,NO,NOT_CONFIRMED,
PEV-016,CWC-9D88361B731D,"Metabolic responses of the deep-water sponge Geodia barretti to suspended bottom sediment, simulated mine tailings and drill cuttings",10.1016/j.jembe.2015.07.017,https://doi.org/10.1016/j.jembe.2015.07.017,CORE_INCLUDE,True,False,,HIGH,False,"The abstract explicitly describes experimental exposure of the deep-sea sponge Geodia barretti to suspended sediment-related stressors (crushed rock, natural sediment, mine tailings/drill cuttings context) and measures an eligible physiological response (oxygen consumption/respiration) including recovery and long-term effects. This directly satisfies all CORE include criteria: deep-sea/cold-water organism, explicit sediment exposure pathway, and quantitative biological response. The closest alternative would be CITATION_CHAIN_CANDIDATE if no response were reported, but responses are clearly present. Full text is not needed for classification.","Deep-sea/cold-water demosponge Geodia barretti, a common Northeast Atlantic sponge.","Suspended bottom sediment, simulated mine tailings, drill cuttings; specifically crushed rock particles and natural bottom sediments in laboratory exposures.",Measured oxygen consumption (respiration) and energy content: 4-h pulse at 500 mg/l crushed rock caused 50% drop in oxygen consumption with rapid recovery; 29-day cyclic exposure at 50 mg/l crushed rock caused permanent 60% drop in oxygen consumption with no effect on energy content; natural sediments had no effect.,,,NO,NOT_CONFIRMED,
PEV-017,CWC-9434EFF6C889,Effects of an Offshore Drilling Mud on Selected Corals: ABSTRACT,10.1306/2f918068-16ce-11d7-8645000102c1865d,https://doi.org/10.1306/2f918068-16ce-11d7-8645000102c1865d,TRANSFERABLE_MECHANISM,False,True,T01_CLOSE_TRAIT_ANALOGUE,HIGH,False,"The study clearly uses tropical reef corals, so it is not core for a deep-sea/cold-water review. However, it experimentally quantifies coral polyp retraction in response to drilling-mud concentrations, which is explicitly listed as a transferable functional analogue. The stressor is a drilling-mud/particulate pathway, and the response is organism-level behavioral and mortality data. This is not a mere coral-reef damage or distributional association; it is a direct dose-response of a conserved coral trait. Therefore, TRANSFERABLE_MECHANISM is preferred over EXCLUDE or CITATION_CHAIN_CANDIDATE.","Tropical Caribbean reef corals (Dichocoenia stokesii, Montastrea annularis, Agaricia agaricites, Acropora cervicornis, Porites furcata, P. astreodes, P. divercata).","Drilling mud obtained from an offshore Gulf of Mexico oil well, diluted to 100, 316, and 1000 µL/L; experimental exposure for 96 hours.",Measured percent of polyps retracted at each concentration; species-specific differences and mortality in some species at the highest concentration.,Coral polyp retraction is a close organism-level functional analogue to sediment/drilling-mud avoidance and clearance behaviors in deep-sea and cold-water corals. The quantitative exposure–response relationship (polyp retraction) directly parallels traits relevant to deep-sea coral sediment stress.,,YES,FROZEN_PUBLIC_FULL_TEXT_LOCATION,https://doi.org/10.1306/2f918068-16ce-11d7-8645000102c1865d
PEV-018,CWC-5F5353A4D6EA,"Two new records of sponges from NW Atlantic: Iotroata acanthostylifera (Stephens, 1916) and Janulum spinispiculum (Carter, 1876).",,http://hdl.handle.net/10261/327924,EXCLUDE,False,False,X05_RESPONSE_OUT_OF_SCOPE,HIGH,False,"This record concerns two new sponge distribution records from the NW Atlantic, based on rock-dredge samples. The organisms are deep-sea/cold-water sponges, and the source mentions a VME monitoring programme, but there is no sediment-related exposure pathway and no observed or measured biological response to sediment. Using a rock dredge is merely a sampling technique and does not establish a sediment or dredging-impact focus. The paper is taxonomic/distributional, not a credible citation-chain lead for sediment response evidence. Therefore it is excluded as having no eligible biological response.",Deep-sea/cold-water sponges: Janulum spinispiculum and Iotroata acanthostylifera from NW Atlantic.,"No sediment-related exposure or stressor; 'rock dredge' is a sampling method, not a sediment/dredging impact pathway.",No biological response; only taxonomic/distribution records are reported.,,,NO,NOT_CONFIRMED,
PEV-019,CWC-2CE5EB8EAB8A,Effects of drilling mud on the reef-building coral Montastrea annularis,10.1007/bf00394622,https://doi.org/10.1007/bf00394622,TRANSFERABLE_MECHANISM,False,True,T01_CLOSE_TRAIT_ANALOGUE,HIGH,False,"The record reports an empirical study on a warm-water reef-building coral exposed to drilling mud, with measured growth and morphological responses. Because the organism is not deep-sea/cold-water, CORE_INCLUDE is not appropriate. However, the study directly measures a close functional analogue—coral skeletal growth suppression and sediment rejection capability under particulate/drilling-mud exposure—making it eligible as TRANSFERABLE_MECHANISM under rule T01_CLOSE_TRAIT_ANALOGUE. It is not merely a general reef-damage or community study; it is a controlled laboratory dose-response. The abstract supplies sufficient detail to categorize without full text.",Tropical/warm-water Caribbean and Atlantic reef-building coral Montastrea annularis; not a deep-sea or cold-water coral.,"Continuous flow-through exposure to drilling mud at 0, 1, 10, and 100 ppm for over 6 weeks.",Skeletal extension rate and fossa length were significantly depressed at 100 ppm; possible impairment of sediment rejection capability through lowered calical relief.,"Provides a quantitative organism-level sediment dose-response in coral growth and a functional link to sediment rejection, directly analogous to sediment/drilling-mud effects on deep-sea cold-water corals.",,NO,NOT_CONFIRMED,
PEV-020,CWC-C250678D6149,"SEQUENCE STRATIGRAPHIC AND PALEOECOLOGIC ANALYSIS OF AN ALBIAN CORAL-RUDIST PATCH REEF, ARIZONA, USA",10.2110/palo.2019.052,https://doi.org/10.2110/palo.2019.052,EXCLUDE,False,False,X02_TROPICAL_NOT_CLOSELY_TRANSFERABLE,HIGH,False,"This is a paleoecological and stratigraphic study of a warm-water Albian coral-rudist patch reef in Arizona. It is not deep-sea or cold-water, and it does not measure a close organism-level functional analogue such as pumping, polyp retraction, or sediment dose-response. The sediment-influx interpretation is at the community/reef scale, not an eligible coral or sponge trait. It is not a substantive deep-sea/cold-water citation-chain lead. Therefore, it is excluded as tropical and not closely transferable.","Fossil corals and rudists from an Albian-aged patch reef in Arizona, USA.","Sediment influx and sedimentation rate, source, and type; relative water depth changes.",Reef development stages and coral vs. rudist dominance inferred from paleoecological and stratigraphic data.,No close organism-level functional analogue; paleoecological reef-growth inference rather than measured trait response.,,NO,NOT_CONFIRMED,
PEV-021,CWC-65546B3B817C,Incidence of ghost nets in the Tioman Island Marine Park of Malaysia,10.69721/tps.j.2024.16.1.04,https://doi.org/10.69721/tps.j.2024.16.1.04,EXCLUDE,False,False,X03_STRESSOR_OUT_OF_SCOPE,HIGH,False,"The record concerns ghost net incidence and removal in a tropical Malaysian marine park. It mentions coral reefs and seagrass beds as habitats potentially smothered by ghost nets, and notes sediment build-up as one impact, but the stressor investigated is ghost net debris, not an explicit sediment-related exposure pathway. No deep-sea or cold-water coral/sponge is studied, and no measured biological response to sediment is reported. The study is therefore not core and not a credible citation chain lead for sediment-related response evidence. The closest alternative would be citation chain candidate, but the ghost-net focus is not sufficiently sediment-directed. Hence EXCLUDE with stressor out of scope.",Tropical coral reefs and seagrass beds mentioned as habitats; no specific coral or sponge taxa.,"Ghost nets; sediment build-up mentioned only as an impact of ghost nets, not an explicit sediment exposure pathway.",No observed sediment-related coral/sponge biological response; reports ghost net retrieval counts and spatial patterns.,,,YES,FROZEN_PUBLIC_FULL_TEXT_LOCATION,https://www.palawanscientist.org/tps/?sdm_process_download=1&download_id=1877
PEV-022,CWC-D81C3AA50091,Sedimentology of the coral reef ecosystem in and around the barrier islands of Chidabaranar district Tamilnadu,,https://shodhganga.inflibnet.ac.in/handle/10603/63826,UNCERTAIN,False,True,U01_MISSING_ABSTRACT,LOW,True,"Only the title is available. It describes sedimentology of a coral reef ecosystem in Tamilnadu, likely tropical and outside core scope. Without an abstract, I cannot determine whether it reports a close trait analogue (e.g., coral/sediment responses) or is merely geological. Thus the available text is insufficient to distinguish among transferable, citation-chain, or exclude categories. Closest alternative: EXCLUDE due to tropical and non-response, but that would require inferring absence from the title alone. Since there is no abstract and no full text, uncertainty is appropriate.",Title indicates coral reef ecosystem in barrier islands off Tamilnadu; no abstract to confirm coral or sponge taxa or depth.,Title mentions sedimentology; no explicit sediment-pathway detail in abstract.,No biological response reported in title; no abstract available.,,,NO,NOT_CONFIRMED,
PEV-023,CWC-620A6B01FCC6,Evidence for morphology-induced sediment settlement prevention on the tubular sponge Haliclona urceolus,10.1007/s00227-004-1429-0,https://doi.org/10.1007/s00227-004-1429-0,UNCERTAIN,False,True,U01_MISSING_ABSTRACT,LOW,True,"The title clearly identifies a sponge and a sediment-related interaction, but it does not establish whether Haliclona urceolus is deep-sea or cold-water, nor whether the study measures an eligible biological response or merely describes a morphological trait. Without an abstract, I cannot distinguish CORE_INCLUDE from CITATION_CHAIN_CANDIDATE or EXCLUDE. Therefore UNCERTAIN is appropriate; full text is needed.",The record concerns the sponge Haliclona urceolus; depth or thermal regime unspecified in title.,Sediment settlement is indicated as a stressor or exposure in the title ('sediment settlement prevention').,"The title suggests a morphological trait that prevents sediment settlement, but no measured biological response (e.g., clearance, survival) is stated.",,,NO,NOT_CONFIRMED,
PEV-024,CWC-A6EF6A20E7D6,Habitat‐specific biogenic production and erosion influences net framework and sediment coral reef carbonate budgets,10.1002/lno.11609,https://doi.org/10.1002/lno.11609,UNCERTAIN,False,True,U01_MISSING_ABSTRACT,LOW,True,"Title-only screening. The record concerns coral reef carbonate budgets, with sediment as a budget component rather than an explicit stressor. No deep-sea or cold-water context is provided, and no coral/sponge biological response to sediment is described. Because the abstract is missing and we cannot infer tropical vs cold-water status or whether organism-level responses are reported, the decision is UNCERTAIN. It may be an ecosystem-scale carbon budget study (likely out of scope) or could contain transferable or citation-chain-relevant content, but the supplied text is insufficient. Full text is needed.","Coral reef organisms are mentioned in the title, but no deep-sea or cold-water context is provided.","Sediment is mentioned in relation to carbonate budgets, not as an explicit sediment exposure or pathway.",No explicit biological response to sediment is described in the title.,,,YES,FROZEN_PUBLIC_FULL_TEXT_LOCATION,https://doi.org/10.1002/lno.11609
PEV-025,CWC-F2591A201364,Sub-lethal effects of water-based drilling muds on the deep-water sponge Geodia barretti,10.1016/j.envpol.2016.02.047,https://doi.org/10.1016/j.envpol.2016.02.047,CORE_INCLUDE,True,False,,HIGH,False,"The title identifies a deep-water sponge, Geodia barretti, and explicitly evaluates sub-lethal effects of water-based drilling muds, constituting a sediment-related exposure pathway and biological response. This matches core include criteria: cold-water/deep-sea organism, explicit drilling-mud exposure, and measured sub-lethal effects. No abstract was available, but the title alone is sufficient to establish all required elements. The closest alternative would be citation-chain candidate, but because a response is present in the title, core include is preferred. No transferability basis needed as this is not a warm-water/transferable case.",Deep-water sponge Geodia barretti,Water-based drilling muds (explicit sediment-related exposure),Sub-lethal effects (title indicates biological response),,,NO,NOT_CONFIRMED,
PEV-026,CWC-6504F386F1B3,Impact of the <i>Deepwater Horizon</i> oil spill on a deep-water coral community in the Gulf of Mexico,10.1073/pnas.1118029109,https://doi.org/10.1073/pnas.1118029109,CORE_INCLUDE,True,False,,HIGH,False,"The abstract describes a deep-water coral community exposed to flocculent particulate material (floc) at a site near the Macondo well. This is a particulate deposition pathway, not merely oil or chemical exposure. The observed biological responses—tissue loss, sclerite enlargement, excess mucus production, and quantitative impact ranking—are explicit organism-level effects. Thus, the study meets the core inclusion criteria for sediment/particulate-related biological responses in deep-sea corals. The alternative of excluding due to oil focus is not supported because the particulate pathway is explicit and directly measured.",deep-water coral community in the Gulf of Mexico; 43 corals imaged at an impacted site,brown flocculent material (floc) containing Macondo oil covering corals; explicit particulate deposition pathway,"tissue loss, sclerite enlargement, excess mucous production, covering by floc, ranked colony impact; 46% of colonies impacted on >50% of colony",,,NO,NOT_CONFIRMED,
PEV-027,CWC-A892DB47932A,Effect of suspended sediments on the pumping rates of three species of glass sponge in situ,10.3354/meps12939,https://doi.org/10.3354/meps12939,CORE_INCLUDE,True,False,,HIGH,False,"The record directly meets all core criteria: deep-sea/cold-water glass sponges, explicit suspended-sediment exposure (including experimental manipulation and modeling), and observed biological pumping responses with species-specific thresholds. The study reports quantitative organism-level responses (arrests, reduced flow) and is substantive. CORE_INCLUDE is preferred over CITATION_CHAIN_CANDIDATE because the response evidence is present, not merely a potential lead. No transferability is needed because the organism is cold-water. Confidence high due to clear, specific reporting in title and abstract.","Three species of glass sponges: Rhabdocalyptus dawsoni, Heterochone calyx, and Farrea occa, studied in situ at 170 m depth in the Hecate Strait and Queen Charlotte Sound Glass Sponge Reefs Marine Protected Area (cold-water/deep-sea).","Suspended sediment concentrations (SSCs), including natural and experimentally induced increases, with a sediment transport model showing plume effects up to 2.39 km.","Observed responses: reduced excurrent flow rate and arrests in pumping; species-specific thresholds (2.8–6.4 mg l−1 for R. dawsoni, 5–10 mg l−1 for H. calyx); no arrests in F. occa even at 57 mg l−1; prolonged periods of reduced flow after small prolonged SSC increases.",,,YES,FROZEN_PUBLIC_FULL_TEXT_LOCATION,https://www.int-res.com/articles/meps_oa/m615p079.pdf
PEV-028,CWC-D47B9A6D53DA,Glass sponges arrest pumping in response to sediment: implications for the physiology of the hexactinellid conduction system,10.1007/s00227-008-0987-y,https://doi.org/10.1007/s00227-008-0987-y,CORE_INCLUDE,True,False,,HIGH,False,"The abstract explicitly reports an experimental study on deep-sea glass sponges exposed to sediment. Measured responses include sediment-induced arrest of pumping, species-specific thresholds, and prolonged exposure effects with recovery. This directly matches the CORE_INCLUDE criteria: cold-water/deep-sea sponge, explicit sediment stressor, and organism-level biological response with threshold/recovery findings.",Hexactinellid glass sponges Rhabdocalyptus dawsoni and Aphrocallistes vastus; deep-sea/cold-water habitat.,"Sediment stimuli, including fine sediment (<25 μm), and prolonged sediment exposure (over 4 h) causing arrest and clogging.","Arrest of pumping/feeding current, threshold differences between species, repeated arrests, gradual reduction in pumping, recovery up to 25 h, and clogged chambers.",,,YES,FROZEN_PUBLIC_FULL_TEXT_LOCATION,https://www.ovid.com/journals/mabi/fulltext/10.1007/s00227-008-0987-y~glass-sponges-arrest-pumping-in-response-to-sediment
PEV-029,CWC-EDD1DC139DFA,Coastal seawater turbidity and thermal stress control growth of reef-building Porites spp. corals in Fiji,10.1038/s41598-025-02283-6,https://doi.org/10.1038/s41598-025-02283-6,TRANSFERABLE_MECHANISM,False,True,T01_CLOSE_TRAIT_ANALOGUE,HIGH,False,"The study is a warm-water tropical coral study, not deep-sea or cold-water, so it is not CORE_INCLUDE. However, it directly measures a quantitative organism-level growth response (linear extension) in corals as a function of seawater turbidity, which is a sediment-related stressor. This is a close functional analogue to growth responses expected in deep-sea or cold-water corals under sediment stress, satisfying the TRANSFERABLE_MECHANISM criteria. The abstract clearly provides organism, stressor, and response evidence, making the decision straightforward and not uncertain. It is not merely a general reef damage or broad water-quality effect; it is a specific growth dose-response.",Massive Porites spp. corals from nearshore reefs in Fiji (tropical reef-building corals).,Coastal seawater turbidity (sediment-related) and thermal stress.,Negative linear relationship between linear extension (growth) and turbidity; 14-30% decrease in linear extension in response to acute thermal stress.,"Quantitative organism-level growth response to a sediment-related turbidity gradient, directly analogous to potential turbidity/growth effects in deep-sea and cold-water corals.",,YES,FROZEN_PUBLIC_FULL_TEXT_LOCATION,https://www.nature.com/articles/s41598-025-02283-6.pdf
PEV-030,CWC-9BFC61A48726,Monitoring strategies for drill cutting discharge in the vicinity of cold-water coral ecosystems,10.1016/j.marpolbul.2012.08.003,https://doi.org/10.1016/j.marpolbul.2012.08.003,CITATION_CHAIN_CANDIDATE,False,True,C02_REVIEW_OR_MONITORING_LEAD,HIGH,True,"The record is a substantive deep-sea cold-water coral source focused on drill cutting discharge and monitoring. It does not report an eligible biological response; it discusses strategies and highlights research questions. Thus it is not CORE_INCLUDE. As a monitoring-focused paper with direct sediment/drilling relevance, its reference list is likely to contain in-scope response studies, making it a CITATION_CHAIN_CANDIDATE. The closest alternative, CORE_INCLUDE, is inappropriate because no response is described. EXCLUDE is inappropriate because the source is directly relevant. Confidence is HIGH because the abstract clearly indicates a deep/cold sediment-focused monitoring viewpoint without an observed response.","Cold-water coral; specifically Lophelia pertusa, a key reef species on the Norwegian margin.",Drill cutting discharge from offshore drilling operations; waste materials produced during drilling.,None reported in the abstract; mentions recent in situ and experimental research with Lophelia pertusa but does not describe specific biological outcomes.,,"Substantive viewpoint paper on monitoring strategies for drill cutting discharge near cold-water coral reefs; direct focus on sediment/drilling impacts; likely cites experimental and in situ studies documenting coral responses, useful for backward/forward citation mining.",NO,NOT_CONFIRMED,
PEV-031,CWC-EDB1480675F9,"Effects and recovery of larvae of the cold-water coral Lophelia pertusa (Desmophyllum pertusum) exposed to suspended bentonite, barite and drill cuttings",10.1016/j.marenvres.2020.104996,https://doi.org/10.1016/j.marenvres.2020.104996,CORE_INCLUDE,True,False,,HIGH,False,"The abstract explicitly reports a cold-water coral species, a sediment-related drilling-waste exposure pathway, and measured organism-level responses including behavioral effects, mortality, and recovery. This meets all CORE_INCLUDE criteria. The closest alternative would be CITATION_CHAIN_CANDIDATE, but the source itself contains eligible response evidence, so it is directly core.","Cold-water coral Lophelia pertusa (Desmophyllum pertusum), including larvae of two ages.","Suspended bentonite, barite, and drill cuttings from fossil fuel drilling operations.","Larval behavioral effects (EC50), lethal effects (LC50), age-related sensitivity differences, and post-exposure recovery.",,,YES,FROZEN_PUBLIC_FULL_TEXT_LOCATION,https://www.sciencedirect.com/science/article/pii/S0141113619307913/pdf
PEV-032,CWC-1EDA9D88322A,Effects of sediment on the survival of asexually produced sponge recruits,10.1007/s00227-008-0956-5,https://doi.org/10.1007/s00227-008-0956-5,EXCLUDE,False,False,X01_ORGANISM_OUT_OF_SCOPE,HIGH,False,"The record directly reports a sediment exposure experiment on sponge recruit survival, but the organism is a sublittoral demosponge, not a deep-sea or cold-water coral/sponge. The TRANSFERABLE_MECHANISM category is reserved for warm-water or tropical studies with close functional analogues, and this is not explicitly warm-water/tropical. It is also not a deep-sea/cold-water source with sediment focus, so no citation-chain lead is justified. Therefore excluded under organism out of scope.","Scopalina lophyropoda, a sublittoral demosponge; abstract does not indicate deep-sea or cold-water habitat.","Experimental sediment/silt deposition exposure in field, including silt-protected and silt-exposed positions.",Measured survival/longevity of asexually produced sponge recruits; silt-exposed recruits had reduced longevity.,,,NO,NOT_CONFIRMED,
PEV-033,CWC-29A471B9BFF1,"Sedimentation stress in a scleractinian coral exposed to terrestrial and marine sediments with contrasting physical, organic and geochemical properties",10.1016/j.jembe.2006.04.007,https://doi.org/10.1016/j.jembe.2006.04.007,UNCERTAIN,False,True,U01_MISSING_ABSTRACT,LOW,True,"The title describes a scleractinian coral exposed to terrestrial and marine sediments, which is potentially relevant to sediment-related coral stress. However, the absence of an abstract and lack of explicit indication whether the coral is deep-sea/cold-water or warm-water/tropical prevent confident assignment to CORE_INCLUDE or TRANSFERABLE_MECHANISM. The title alone does not confirm an eligible measured biological response. Therefore, the record is UNCERTAIN and full text or abstract is needed.",Scleractinian coral; depth or thermal regime not specified in supplied text.,Exposure to terrestrial and marine sediments; title states 'sedimentation stress'.,Title mentions 'sedimentation stress' but does not specify a measured biological response without the abstract.,,,NO,NOT_CONFIRMED,
PEV-034,CWC-D962354BD236,"Impact of particulate sediment, bentonite and barite (oil-drilling waste) on net fluxes of oxygen and nitrogen in Arctic-boreal sponges",10.1016/j.envpol.2017.11.092,https://doi.org/10.1016/j.envpol.2017.11.092,CORE_INCLUDE,True,False,,MEDIUM,False,"The title explicitly identifies cold-water Arctic-boreal sponges, a sediment-related drilling-waste exposure (particulate sediment, bentonite, barite), and measured physiological responses (net oxygen and nitrogen fluxes). This directly supports a core include under the sediment-trait/biological effects scope. Even though the abstract was not available, the title is sufficiently specific and unambiguous. The alternative categories (citation-chain candidate, transferable mechanism, exclude) are not applicable because the record clearly reports an organism-level response to sediment-related stress in a cold-water sponge.","Arctic-boreal sponges (cold-water, non-tropical)","Particulate sediment, bentonite, barite (oil-drilling waste)",Net fluxes of oxygen and nitrogen (physiological responses),,,NO,NOT_CONFIRMED,
PEV-035,CWC-65CF36C85E16,Effects of drill cuttings on larvae of the cold-water coral Lophelia pertusa,10.1016/j.dsr2.2016.06.014,https://doi.org/10.1016/j.dsr2.2016.06.014,CORE_INCLUDE,True,False,,HIGH,False,"The abstract describes an experimental study on a cold-water coral (Lophelia pertusa), explicitly exposing larvae to drill cuttings (a sediment-related stressor) and quantifying biological responses: mortality, age-dependent sensitivity, and cilia clogging impairing swimming. This directly satisfies all core criteria: deep-sea/cold-water organism, explicit sediment/drill-cuttings pathway, measured biological responses, and a substantive source. No reason code is required for CORE_INCLUDE. The closest alternate would be uncategorized if the abstract were vague, but it is specific and sufficient.",Cold-water coral Lophelia pertusa larvae,Drill cuttings (water-based) at concentrations 0.5-640 ppm; increased sediment load for 24 h,Significant larval mortality; age-dependent sensitivity; cilia clogging preventing active swimming and ultimately causing mortality,,,NO,NOT_CONFIRMED,
PEV-036,CWC-8348819C8DEA,Deep-water bamboo coral forests in a muddy Arctic environment,10.1007/s12526-014-0291-7,https://doi.org/10.1007/s12526-014-0291-7,UNCERTAIN,False,True,U01_MISSING_ABSTRACT,LOW,True,"The title provides only habitat context (muddy environment) and organism presence, with no abstract or full text available. It does not establish a sediment-related exposure and biological response, and it is unclear whether the source is a substantive citation-chain lead. Because confidence is LOW, the decision must be UNCERTAIN. Reasons for ambiguity include missing abstract/details and insufficient basis to classify as core, transferable, or citation-chain candidate.","Title identifies deep-water bamboo coral forests, a cold-water octocoral group.","Title mentions a muddy Arctic environment, which indicates a sediment-related habitat, but not an explicit stressor or exposure pathway.",No biological response or trait is described in the title.,,,NO,NOT_CONFIRMED,
