calibration_record_id,split,corpus_id,title,authors,year,source_title_or_issuer,document_type,doi,url,language,screening_text,text_truncated,full_text_status,discovery_systems,query_ids,families,primary_family,system_stratum,signal_tier,metadata_stratum
BV-001,BENCHMARK_VALIDATION,CWC-D0DB0DCA6CA8,"Detecting sedimentation impacts to coral reefs resulting from dredging the Port of Miami, Florida USA",Margaret W. Miller | Jocelyn Karazsia | Carolyn Groves | Sean Griffin | Tom Moore | Pace Wilber | Kurtis Gregg,2016,PeerJ,article,10.7717/peerj.2711,https://doi.org/10.7717/peerj.2711,en,"The federal channel at Port of Miami, Florida, USA, was dredged between late 2013 and early 2015 to widen and deepen the channel. Due to the limited spatial extent of impact-assessment monitoring associated with the project, the extent of the dredging impacts on surrounding coral reefs has not been well quantified. Previously published remote sensing analyses, as well as agency and anecdotal reports suggest the most severe and largest area of sedimentation occurred on a coral reef feature referred to as the Inner Reef, particularly in the sector north of the channel. A confounding regional warm-water mass bleaching event followed by a coral disease outbreak during this same time frame made the assessment of dredging-related impacts to coral reefs adjacent to the federal channel difficult but still feasible. The current study sought to better understand the sedimentation impacts that occurred in the coral reef environment surrounding Port of Miami, to distinguish those impacts from other regional events or disturbances, and provide supplemental information on impact assessment that will inform discussions on compensatory mitigation requirements. To this end, in-water field assessmen",True,OPEN_ACCESS_PDF,Citation chaining | OpenAlex | Semantic Scholar | Web of Science,OA_CHAIN_G1_BACKWARD_REFERENCE | OA_CHAIN_G1_FORWARD_CITATION | OA_CHAIN_G2_BACKWARD_REFERENCE | OA_RESP_THRESHOLD_RECOVERY_01 | OA_SED_DEPOSITION_01 | OA_SED_DREDGING_01 | SS_RESP_THRESHOLD_RECOVERY_01 | SS_SED_DEPOSITION_01 | SS_SED_DREDGING_01 | WOS_SED_DEPOSITION_01 | WOS_SED_DREDGING_01,MECH_FEEDING_MUCUS_CORAL | RESP_THRESHOLD_RECOVERY | SED_DEPOSITION | SED_DREDGING | SED_DRILLING | SED_SUSPENDED | SED_TAILINGS | RESP_THRESHOLD_RECOVERY | SED_DEPOSITION | SED_DREDGING,RESP_THRESHOLD_RECOVERY,WEB_OF_SCIENCE,ORGANISM_AND_STRESSOR,TITLE_ABSTRACT
BV-002,BENCHMARK_VALIDATION,CWC-D670110C23A8,A Time Series Study of Lophelia pertusa and Reef Megafauna Responses to Drill Cuttings Exposure on the Norwegian Margin,Autun Purser,2015,PLoS ONE,article,10.1371/journal.pone.0134076,https://doi.org/10.1371/journal.pone.0134076,en,"As hotspots of local biodiversity in the deep sea, preservation of cold-water coral reef communities is of great importance. In European waters the most extensive reefs are found at depths of 300 - 500 m on the continental margin. In Norwegian waters many of these reefs are located in areas of interest for oil and gas exploration and production. In this study drilling was carried out in the Morvin drill field in proximity to a number of small Lophelia pertusa coral reefs (closest reefs 100 m upstream and 350 m downstream of point of waste drill material release). In a novel monitoring study, ROV video surveys of 9 reefs were conducted prior, during, immediately after and > 1 year after drilling operations. Behavior of coral polyps inhabiting reefs exposed to differing concentrations of drill cuttings and drilling fluids (waste drilling material) were compared. Levels of expected exposure to these waste materials were determined for each reef by modelling drill cutting transport following release, using accurate in-situ hydrodynamic data collected during the drilling period and drill cutting discharge data as parameters of a dispersal model. The presence / absence of associate reef ",True,OPEN_ACCESS_PDF,Citation chaining | OpenAlex | Semantic Scholar | Web of Science,OA_CHAIN_G1_BACKWARD_REFERENCE | OA_CHAIN_G1_FORWARD_CITATION | OA_CHAIN_G2_FORWARD_CITATION | OA_SED_DRILLING_01 | SS_SED_DRILLING_01 | WOS_SED_DRILLING_01,MECH_FEEDING_MUCUS_CORAL | MECH_FEEDING_PUMPING_SPONGE | RESP_THRESHOLD_RECOVERY | SED_DEPOSITION | SED_DREDGING | SED_DRILLING | SED_SUSPENDED | SED_TAILINGS | SED_DRILLING,MECH_FEEDING_MUCUS_CORAL,WEB_OF_SCIENCE,ORGANISM_AND_STRESSOR,TITLE_ABSTRACT
BV-003,BENCHMARK_VALIDATION,CWC-15253A8B5317,"Water quality and coral bleaching thresholds: Formalising the linkage for the inshore reefs of the Great Barrier Reef, Australia",Scott A. Wooldridge,2009,Marine Pollution Bulletin,article,10.1016/j.marpolbul.2008.12.013,https://doi.org/10.1016/j.marpolbul.2008.12.013,en,,False,NOT_IDENTIFIED,Citation chaining,OA_CHAIN_G1_BACKWARD_REFERENCE | OA_CHAIN_G2_BACKWARD_REFERENCE,MECH_FEEDING_MUCUS_CORAL | RESP_THRESHOLD_RECOVERY | SED_DEPOSITION | SED_DREDGING | SED_SUSPENDED,RESP_THRESHOLD_RECOVERY,CITATION_CHAINING,ORGANISM_ONLY,TITLE_ONLY
BV-004,BENCHMARK_VALIDATION,CWC-93C925DB4EEE,Resistance of Lophelia pertusa to coverage by sediment and petroleum drill cuttings,Elke Allers | Raeid M. M. Abed | Laura M. Wehrmann | Tao Wang | Ann I. Larsson | Autun Purser | Dirk de Beer,2013,Marine Pollution Bulletin,article,10.1016/j.marpolbul.2013.07.016,https://doi.org/10.1016/j.marpolbul.2013.07.016,en,"In laboratory experiments, the cold-water coral Lophelia pertusa was exposed to settling particles. The effects of reef sediment, petroleum drill cuttings and a mix of both, on the development of anoxia at the coral surface were studied using O-2, pH and H2S microsensors and by assessing coral polyp mortality. Due to the branching morphology of L pernisa and the release of coral mucus, accumulation rates of settling material on coral branches were low. Microsensors detected H2S production in only a few samples, and sulfate reduction rates of natural reef sediment slurries were low (<0.3 nmol S cm(-3) d(-1)). While the exposure to sediment clearly reduced the coral's accessibility to oxygen, L. pertusa tolerated both partial low-oxygen and anoxic conditions without any visible detrimental short-term effect, such as tissue damage or death. However, complete burial of coral branches for >24 h in reef sediment resulted in suffocation. (C) 2013 Elsevier Ltd. All rights reserved.",False,NOT_IDENTIFIED,Citation chaining | OpenAlex | Semantic Scholar | Web of Science,OA_CHAIN_G1_BACKWARD_REFERENCE | OA_CHAIN_G1_FORWARD_CITATION | OA_CHAIN_G2_FORWARD_CITATION | OA_MECH_FEEDING_MUCUS_CORAL_01 | OA_RESP_THRESHOLD_RECOVERY_01 | OA_SED_DEPOSITION_01 | OA_SED_DRILLING_01 | SS_MECH_FEEDING_MUCUS_CORAL_01 | SS_RESP_THRESHOLD_RECOVERY_01 | SS_SED_DEPOSITION_01 | SS_SED_DRILLING_01 | WOS_MECH_FEEDING_MUCUS_CORAL_01 | WOS_SED_DEPOSITION_01 | WOS_SED_DREDGING_01 | WOS_SED_DRILLING_01 | WOS_SED_SUSPENDED_01,MECH_FEEDING_MUCUS_CORAL | MECH_FEEDING_MUCUS_CORAL | RESP_THRESHOLD_RECOVERY | SED_DEPOSITION | SED_DREDGING | SED_DRILLING | SED_SUSPENDED | SED_TAILINGS | RESP_THRESHOLD_RECOVERY | SED_DEPOSITION | SED_DREDGING | SED_DRILLING | SED_SUSPENDED,SED_DRILLING,WEB_OF_SCIENCE,ORGANISM_AND_STRESSOR,TITLE_ABSTRACT
BV-005,BENCHMARK_VALIDATION,CWC-5D1466F137F4,The 27–year decline of coral cover on the Great Barrier Reef and its causes,Glenn De’ath | Katharina Fabricius | Hugh Sweatman | Marji Puotinen,2012,Proceedings of the National Academy of Sciences,article,10.1073/pnas.1208909109,https://doi.org/10.1073/pnas.1208909109,en,,False,OPEN_ACCESS_PDF,Citation chaining,OA_CHAIN_G1_BACKWARD_REFERENCE | OA_CHAIN_G1_RELATED_WORK | OA_CHAIN_G2_BACKWARD_REFERENCE | OA_CHAIN_G2_RELATED_WORK,MECH_FEEDING_MUCUS_CORAL | MECH_FEEDING_PUMPING_SPONGE | RESP_THRESHOLD_RECOVERY | SED_DEPOSITION | SED_DREDGING | SED_DRILLING | SED_SUSPENDED | SED_TAILINGS,SED_SUSPENDED,CITATION_CHAINING,ORGANISM_ONLY,TITLE_ONLY
BV-006,BENCHMARK_VALIDATION,CWC-7A3BE9870A2A,Sedimentation on the cold-water coral Lophelia pertusa: Cleaning efficiency from natural sediments and drill cuttings,Ann I. Larsson | Autun Purser,2011,Marine Pollution Bulletin,article,10.1016/j.marpolbul.2011.03.041,https://doi.org/10.1016/j.marpolbul.2011.03.041,en,"Anthropogenic threats to cold-water coral reefs are trawling and hydrocarbon drilling, with both activities causing increased levels of suspended particles. The efficiency of Lophelia pertusa in rejecting local sediments and drill cuttings from the coral surface was evaluated and found not to differ between sediment types. Further results showed that the coral efficiently removed deposited material even after repeated exposures, indicating an efficient cleaning mechanism. In an experiment focusing on burial, fine-fraction drill cuttings were deposited on corals over time. Drill cutting covered coral area increased with repeated depositions, with accumulation mainly occurring on and adjacent to regions of the coral skeleton lacking tissue cover. Tissue was smothered and polyp mortality occurred where polyps became wholly covered by material. Burial of coral by drill cuttings to the current threshold level used in environmental risk assessment models by the offshore industry (6.3 mm) may result in damage to L pertusa colonies. (C) 2011 Elsevier Ltd. All rights reserved.",False,OPEN_ACCESS_LANDING_PAGE,Citation chaining | OpenAlex | Semantic Scholar | Web of Science,OA_CHAIN_G1_BACKWARD_REFERENCE | OA_CHAIN_G1_FORWARD_CITATION | OA_CHAIN_G2_FORWARD_CITATION | OA_RESP_THRESHOLD_RECOVERY_01 | OA_SED_DEPOSITION_01 | OA_SED_DRILLING_01 | OA_SED_SUSPENDED_01 | SS_RESP_THRESHOLD_RECOVERY_01 | SS_SED_DEPOSITION_01 | SS_SED_DRILLING_01 | SS_SED_SUSPENDED_01 | WOS_MECH_FEEDING_MUCUS_CORAL_01 | WOS_RESP_THRESHOLD_RECOVERY_01 | WOS_SED_DEPOSITION_01 | WOS_SED_DREDGING_01 | WOS_SED_DRILLING_01 | WOS_SED_SUSPENDED_01,MECH_FEEDING_MUCUS_CORAL | MECH_FEEDING_MUCUS_CORAL | MECH_FEEDING_PUMPING_SPONGE | RESP_THRESHOLD_RECOVERY | SED_DEPOSITION | SED_DREDGING | SED_DRILLING | SED_SUSPENDED | SED_TAILINGS | RESP_THRESHOLD_RECOVERY | SED_DEPOSITION | SED_DREDGING | SED_DRILLING | SED_SUSPENDED,SED_DEPOSITION,WEB_OF_SCIENCE,ORGANISM_AND_STRESSOR,TITLE_ABSTRACT
BV-007,BENCHMARK_VALIDATION,CWC-B27727ED4386,Effects of suspended drill cuttings on the coral <i>Lophelia pertusa</i> using pulsed and continuous exposure scenarios,Thierry Baussant | Marianne Nilsen | Elisa Ravagnan | Stig Westerlund | Sreerekha Ramanand,2018,Journal of Toxicology and Environmental Health,article,10.1080/15287394.2018.1444375,https://doi.org/10.1080/15287394.2018.1444375,en,"ABSTRACT This study aimed at providing confidence in the predictability of the impacts of drill cuttings (DC) discharge on the cold-water coral Lophelia pertusa. L. pertusa was exposed to DC from offshore exploration in the lab with the goal to assess precautionary thresholds of effects. Two exposure scenarios with DC were tested: a long-term (LT) pulsed exposure (12 weeks, peak concentrations: 2–50 mg/L, mean concentrations: 1–25 mg/L) and a short-term (ST) continuous exposure (2.5 weeks, mean concentrations: 4–42 mg/L). After exposure, a recovery period of 16 and 4 weeks was maintained in LT and ST, respectively. While there was an assumption that DC might result in an increase in respiration, decrease in growth, enhanced mucus production, reduced fatty acid content, only a significant rise was noted in skeleton growth at DC 4 mg/L and a significant increase of mucus particulate organic carbon at 25 mg/L at end of the exposure. DC did not markedly reduce prey capture rate consecutive to DC exposure. However, the effect of DC produced an increase of coral polyp activity during exposure and a return to pre-exposure conditions after cessation of DC, and coenosarc was smothered from ",True,OPEN_ACCESS_PDF,Citation chaining | OpenAlex | Semantic Scholar | Web of Science,OA_CHAIN_G1_BACKWARD_REFERENCE | OA_CHAIN_G1_FORWARD_CITATION | OA_CHAIN_G1_RELATED_WORK | OA_CHAIN_G2_FORWARD_CITATION | OA_MECH_FEEDING_MUCUS_CORAL_01 | OA_RESP_THRESHOLD_RECOVERY_01 | OA_SED_DEPOSITION_01 | OA_SED_DRILLING_01 | SS_MECH_FEEDING_MUCUS_CORAL_01 | SS_RESP_THRESHOLD_RECOVERY_01 | SS_SED_DEPOSITION_01 | SS_SED_DRILLING_01 | WOS_MECH_FEEDING_MUCUS_CORAL_01 | WOS_RESP_THRESHOLD_RECOVERY_01 | WOS_SED_DEPOSITION_01 | WOS_SED_DRILLING_01,MECH_FEEDING_MUCUS_CORAL | MECH_FEEDING_MUCUS_CORAL | MECH_FEEDING_PUMPING_SPONGE | RESP_THRESHOLD_RECOVERY | SED_DEPOSITION | SED_DREDGING | SED_DRILLING | SED_SUSPENDED | SED_TAILINGS | RESP_THRESHOLD_RECOVERY | SED_DEPOSITION | SED_DRILLING,SED_SUSPENDED,WEB_OF_SCIENCE,ORGANISM_AND_STRESSOR,TITLE_ABSTRACT
BV-008,BENCHMARK_VALIDATION,CWC-104B2C5A7924,Sediment impacts on marine sponges,James J. Bell | Emily McGrath | Andrew Biggerstaff | Tracey Bates | Holly Bennett | Joseph Marlow | Megan Shaffer,2015,Marine Pollution Bulletin,article,10.1016/j.marpolbul.2015.03.030,https://doi.org/10.1016/j.marpolbul.2015.03.030,en,,False,NOT_IDENTIFIED,Citation chaining,OA_CHAIN_G1_BACKWARD_REFERENCE | OA_CHAIN_G1_FORWARD_CITATION | OA_CHAIN_G2_BACKWARD_REFERENCE | OA_CHAIN_G2_FORWARD_CITATION,MECH_FEEDING_MUCUS_CORAL | MECH_FEEDING_PUMPING_SPONGE | RESP_THRESHOLD_RECOVERY | SED_DEPOSITION | SED_DREDGING | SED_DRILLING | SED_SUSPENDED | SED_TAILINGS,SED_DRILLING,CITATION_CHAINING,ORGANISM_AND_STRESSOR,TITLE_ONLY
BV-009,BENCHMARK_VALIDATION,CWC-ACA26F043233,Effects of terrestrial runoff on the ecology of corals and coral reefs: review and synthesis,Katharina Fabricius,2004,Marine Pollution Bulletin,article,10.1016/j.marpolbul.2004.11.028,https://doi.org/10.1016/j.marpolbul.2004.11.028,en,"This paper reviews and evaluates the current state of knowledge on the direct effects of terrestrial runoff on (1) the growth and survival of hard coral colonies, (2) coral reproduction and recruitment, and (3) organisms that interact with coral populations (coralline algae, bioeroders, macroalgae and heterotrophic filter feeders as space competitors, pathogens, and coral predators). The responses of each of these groups are evaluated separately against the four main water quality parameters: (1) increased dissolved inorganic nutrients, (2) enrichment with particulate organic matter, (3) light reduction from turbidity and (4) increased sedimentation. This separation facilitates disentangling and understanding the mechanisms leading to changes in the field, where many contaminants and many responses co-occur. The review also summarises geographic and biological factors that determine local and regional levels of resistance and resilience to degradation. It provides a conceptual aid to assess the kind of change(s) likely to occur in response to changing coastal water quality. Crown Copyright (c) 2004 Published by Elsevier Ltd. All rights reserved.",False,NOT_IDENTIFIED,Citation chaining | OpenAlex | Semantic Scholar | Web of Science,OA_CHAIN_G1_BACKWARD_REFERENCE | OA_CHAIN_G1_FORWARD_CITATION | OA_CHAIN_G1_RELATED_WORK | OA_CHAIN_G2_BACKWARD_REFERENCE | OA_CHAIN_G2_FORWARD_CITATION | OA_CHAIN_G2_RELATED_WORK | OA_RESP_THRESHOLD_RECOVERY_01 | OA_SED_SUSPENDED_01 | SS_RESP_THRESHOLD_RECOVERY_01 | SS_SED_SUSPENDED_01 | WOS_MECH_FEEDING_MUCUS_CORAL_01 | WOS_SED_SUSPENDED_01,MECH_FEEDING_MUCUS_CORAL | MECH_FEEDING_MUCUS_CORAL | MECH_FEEDING_PUMPING_SPONGE | RESP_THRESHOLD_RECOVERY | SED_DEPOSITION | SED_DREDGING | SED_DRILLING | SED_SUSPENDED | SED_TAILINGS | RESP_THRESHOLD_RECOVERY | SED_SUSPENDED,SED_TAILINGS,WEB_OF_SCIENCE,ORGANISM_AND_STRESSOR,TITLE_ABSTRACT
