calibration_record_id,corpus_id,benchmark_id,expected_screening,human_decision,exact_agreement,status
BV-001,CWC-D0DB0DCA6CA8,B009,TRANSFERABLE_MECHANISM,TRANSFERABLE_MECHANISM,True,AGREES
BV-002,CWC-D670110C23A8,B003,CORE_INCLUDE,CORE_INCLUDE,True,AGREES
BV-003,CWC-15253A8B5317,B007,EXCLUDE,EXCLUDE,True,AGREES
BV-004,CWC-93C925DB4EEE,B002,CORE_INCLUDE,CORE_INCLUDE,True,AGREES
BV-005,CWC-5D1466F137F4,B008,EXCLUDE,EXCLUDE,True,AGREES
BV-006,CWC-7A3BE9870A2A,B001,CORE_INCLUDE,CORE_INCLUDE,True,AGREES
BV-007,CWC-4D83BD3A455E,B005,CORE_INCLUDE,EXCLUDE,False,PROTOCOL_OR_BENCHMARK_REVIEW_REQUIRED
BV-008,CWC-104B2C5A7924,B004,CORE_INCLUDE,TRANSFERABLE_MECHANISM,False,PROTOCOL_OR_BENCHMARK_REVIEW_REQUIRED
BV-009,CWC-ACA26F043233,B006,EXCLUDE,EXCLUDE,True,AGREES
