benchmark_id,benchmark_type,citation,doi_or_url,expected_screening,benchmark_title,recovery_status,match_basis,matched_corpus_id,matched_title,matched_doi,matched_url,title_similarity,discovery_systems,query_ids,families,occurrence_count,independently_recovered
B001,POSITIVE_CORE,"Larsson, A.I. & Purser, A. (2011). Sedimentation on the cold-water coral Lophelia pertusa: Cleaning efficiency from natural sediments and drill cuttings. Marine Pollution Bulletin, 62(6), 1159–1168.",https://doi.org/10.1016/j.marpolbul.2011.03.041,CORE_INCLUDE,Sedimentation on the cold-water coral Lophelia pertusa: Cleaning efficiency from natural sediments and drill cuttings,RECOVERED,CANONICAL_URL | DOI | EXACT_TITLE,CWC-7A3BE9870A2A,Sedimentation on the cold-water coral Lophelia pertusa: Cleaning efficiency from natural sediments and drill cuttings,10.1016/j.marpolbul.2011.03.041,https://doi.org/10.1016/j.marpolbul.2011.03.041,1.0000,OpenAlex | Semantic Scholar | Web of Science,OA_RESP_THRESHOLD_RECOVERY_01 | OA_SED_DEPOSITION_01 | OA_SED_DRILLING_01 | OA_SED_SUSPENDED_01 | SS_RESP_THRESHOLD_RECOVERY_01 | SS_SED_DEPOSITION_01 | SS_SED_DRILLING_01 | SS_SED_SUSPENDED_01 | WOS_MECH_FEEDING_MUCUS_CORAL_01 | WOS_RESP_THRESHOLD_RECOVERY_01 | WOS_SED_DEPOSITION_01 | WOS_SED_DREDGING_01 | WOS_SED_DRILLING_01 | WOS_SED_SUSPENDED_01,MECH_FEEDING_MUCUS_CORAL | RESP_THRESHOLD_RECOVERY | SED_DEPOSITION | SED_DREDGING | SED_DRILLING | SED_SUSPENDED,14,True
B002,POSITIVE_CORE,"Allers, E., Abed, R.M.M., Wehrmann, L.M., Wang, T., Larsson, A.I., Purser, A. & de Beer, D. (2013). Resistance of Lophelia pertusa to coverage by sediment and petroleum drill cuttings. Marine Pollution Bulletin, 74(1), 132–140.",https://doi.org/10.1016/j.marpolbul.2013.07.016,CORE_INCLUDE,Resistance of Lophelia pertusa to coverage by sediment and petroleum drill cuttings,RECOVERED,CANONICAL_URL | DOI | EXACT_TITLE,CWC-93C925DB4EEE,Resistance of Lophelia pertusa to coverage by sediment and petroleum drill cuttings,10.1016/j.marpolbul.2013.07.016,https://doi.org/10.1016/j.marpolbul.2013.07.016,1.0000,OpenAlex | Semantic Scholar | Web of Science,OA_MECH_FEEDING_MUCUS_CORAL_01 | OA_RESP_THRESHOLD_RECOVERY_01 | OA_SED_DEPOSITION_01 | OA_SED_DRILLING_01 | SS_MECH_FEEDING_MUCUS_CORAL_01 | SS_RESP_THRESHOLD_RECOVERY_01 | SS_SED_DEPOSITION_01 | SS_SED_DRILLING_01 | WOS_MECH_FEEDING_MUCUS_CORAL_01 | WOS_SED_DEPOSITION_01 | WOS_SED_DREDGING_01 | WOS_SED_DRILLING_01 | WOS_SED_SUSPENDED_01,MECH_FEEDING_MUCUS_CORAL | RESP_THRESHOLD_RECOVERY | SED_DEPOSITION | SED_DREDGING | SED_DRILLING | SED_SUSPENDED,13,True
B003,POSITIVE_CORE,"Purser, A. (2015). A time series study of Lophelia pertusa and reef megafauna responses to drill cuttings exposure on the Norwegian Margin. PLOS ONE, 10(7), e0134076.",https://doi.org/10.1371/journal.pone.0134076,CORE_INCLUDE,A time series study of Lophelia pertusa and reef megafauna responses to drill cuttings exposure on the Norwegian Margin,RECOVERED,CANONICAL_URL | DOI | EXACT_TITLE,CWC-D670110C23A8,A Time Series Study of Lophelia pertusa and Reef Megafauna Responses to Drill Cuttings Exposure on the Norwegian Margin,10.1371/journal.pone.0134076,https://doi.org/10.1371/journal.pone.0134076,1.0000,OpenAlex | Semantic Scholar | Web of Science,OA_SED_DRILLING_01 | SS_SED_DRILLING_01 | WOS_SED_DRILLING_01,SED_DRILLING,3,True
B004,POSITIVE_CORE,"Bell, J.J., McGrath, E., Biggerstaff, A., Bates, T., Bennett, H., Marlow, J. & Shaffer, M. (2015). Sediment impacts on marine sponges. Marine Pollution Bulletin, 94(1–2), 5–13.",https://doi.org/10.1016/j.marpolbul.2015.03.030,CORE_INCLUDE,Sediment impacts on marine sponges,NOT_RECOVERED,NO_EXACT_MATCH,CWC-B6B3D4588D6F,Sediment Traps • MBARI,,https://www.mbari.org/technology/sediment-traps,0.5926,Grey literature,GL_MBARI_MECH_FEEDING_MUCUS_CORAL_01,MECH_FEEDING_MUCUS_CORAL,1,False
B005,POSITIVE_CORE,USGS (n.d.). International team studies impacts of oil and gas drilling on cold-water corals. U.S. Geological Survey.,https://www.usgs.gov/centers/spcmsc/news/international-team-studies-impacts-oil-and-gas-drilling-cold-water-corals,CORE_INCLUDE,International team studies impacts of oil and gas drilling on cold-water corals,RECOVERED_AFTER_REMEDIATION,CANONICAL_URL,CWC-4D83BD3A455E,International Team Studies Impacts of Oil and Gas Drilling on Cold-Water Corals in Norway,,https://www.usgs.gov/centers/spcmsc/news/international-team-studies-impacts-oil-and-gas-drilling-cold-water-corals,0.9405,Benchmark remediation,GL_USGS_SED_DRILLING_02,SED_DRILLING,1,False
B006,NEGATIVE_TROPICAL,"Fabricius, K.E. (2005). Effects of terrestrial runoff on the ecology of corals and coral reefs: review and synthesis. Marine Pollution Bulletin, 50(2), 125–146.",,EXCLUDE,Effects of terrestrial runoff on the ecology of corals and coral reefs: review and synthesis,RECOVERED,EXACT_TITLE,CWC-ACA26F043233,Effects of terrestrial runoff on the ecology of corals and coral reefs: review and synthesis,10.1016/j.marpolbul.2004.11.028,https://doi.org/10.1016/j.marpolbul.2004.11.028,1.0000,OpenAlex | Semantic Scholar | Web of Science,OA_RESP_THRESHOLD_RECOVERY_01 | OA_SED_SUSPENDED_01 | SS_RESP_THRESHOLD_RECOVERY_01 | SS_SED_SUSPENDED_01 | WOS_MECH_FEEDING_MUCUS_CORAL_01 | WOS_SED_SUSPENDED_01,MECH_FEEDING_MUCUS_CORAL | RESP_THRESHOLD_RECOVERY | SED_SUSPENDED,6,True
B007,NEGATIVE_TROPICAL,"Wooldridge, S.A. (2009). Water quality and coral bleaching thresholds: Formalising the linkage for the inshore reefs of the Great Barrier Reef, Australia. Marine Pollution Bulletin, 58(5), 745–751.",https://doi.org/10.1016/j.marpolbul.2008.12.013,EXCLUDE,"Water quality and coral bleaching thresholds: Formalising the linkage for the inshore reefs of the Great Barrier Reef, Australia",NOT_RECOVERED,NO_EXACT_MATCH,CWC-0ED324660FD6,"Spatial and temporal variations in turbidity on two inshore turbid reefs on the Great Barrier Reef, Australia",10.1007/s00338-012-0965-1,https://doi.org/10.1007/s00338-012-0965-1,0.6325,OpenAlex | Semantic Scholar | Web of Science,OA_RESP_THRESHOLD_RECOVERY_01 | OA_SED_DREDGING_01 | OA_SED_SUSPENDED_01 | SS_RESP_THRESHOLD_RECOVERY_01 | SS_SED_DREDGING_01 | SS_SED_SUSPENDED_01 | WOS_RESP_THRESHOLD_RECOVERY_01 | WOS_SED_DREDGING_01 | WOS_SED_SUSPENDED_01,RESP_THRESHOLD_RECOVERY | SED_DREDGING | SED_SUSPENDED,12,False
B008,NEGATIVE_TROPICAL,"De'ath, G., Fabricius, K.E., Sweatman, H. & Puotinen, M. (2012). The 27-year decline of coral cover on the Great Barrier Reef and its causes. Proceedings of the National Academy of Sciences, 109(44), 17995–17999.",https://doi.org/10.1073/pnas.1208909109,EXCLUDE,The 27-year decline of coral cover on the Great Barrier Reef and its causes,NOT_RECOVERED,NO_EXACT_MATCH,CWC-1E5D0D437E29,Large‐scale bleaching of corals on the Great Barrier Reef,10.1002/ecy.2092,https://doi.org/10.1002/ecy.2092,0.6412,OpenAlex | Semantic Scholar,OA_RESP_THRESHOLD_RECOVERY_01 | OA_SED_SUSPENDED_01 | SS_RESP_THRESHOLD_RECOVERY_01 | SS_SED_SUSPENDED_01,RESP_THRESHOLD_RECOVERY | SED_SUSPENDED,4,False
B009,TRANSFERABLE_MECHANISM,Miller et al. (2016). Port of Miami dredging-impact study supplied by project co-lead as a morphology/burial transferability example.,https://pmc.ncbi.nlm.nih.gov/articles/PMC5119242/,TRANSFERABLE_MECHANISM,Port of Miami dredging-impact study supplied by project co-lead as a morphology/burial transferability example,RECOVERED,RESOLVED_ALIAS_DOI | RESOLVED_ALIAS_TITLE,CWC-D0DB0DCA6CA8,"Detecting sedimentation impacts to coral reefs resulting from dredging the Port of Miami, Florida USA",10.7717/peerj.2711,https://doi.org/10.7717/peerj.2711,1.0000,OpenAlex | Semantic Scholar | Web of Science,OA_RESP_THRESHOLD_RECOVERY_01 | OA_SED_DEPOSITION_01 | OA_SED_DREDGING_01 | SS_RESP_THRESHOLD_RECOVERY_01 | SS_SED_DEPOSITION_01 | SS_SED_DREDGING_01 | WOS_SED_DEPOSITION_01 | WOS_SED_DREDGING_01,RESP_THRESHOLD_RECOVERY | SED_DEPOSITION | SED_DREDGING,8,True
