benchmark_id,benchmark_type,citation,doi_or_url,expected_screening
B001,POSITIVE_CORE,"Larsson, A.I. & Purser, A. (2011). Sedimentation on the cold-water coral Lophelia pertusa: Cleaning efficiency from natural sediments and drill cuttings. Marine Pollution Bulletin, 62(6), 1159–1168.",https://doi.org/10.1016/j.marpolbul.2011.03.041,CORE_INCLUDE
B002,POSITIVE_CORE,"Allers, E., Abed, R.M.M., Wehrmann, L.M., Wang, T., Larsson, A.I., Purser, A. & de Beer, D. (2013). Resistance of Lophelia pertusa to coverage by sediment and petroleum drill cuttings. Marine Pollution Bulletin, 74(1), 132–140.",https://doi.org/10.1016/j.marpolbul.2013.07.016,CORE_INCLUDE
B003,POSITIVE_CORE,"Purser, A. (2015). A time series study of Lophelia pertusa and reef megafauna responses to drill cuttings exposure on the Norwegian Margin. PLOS ONE, 10(7), e0134076.",https://doi.org/10.1371/journal.pone.0134076,CORE_INCLUDE
B004,POSITIVE_CORE,"Bell, J.J., McGrath, E., Biggerstaff, A., Bates, T., Bennett, H., Marlow, J. & Shaffer, M. (2015). Sediment impacts on marine sponges. Marine Pollution Bulletin, 94(1–2), 5–13.",https://doi.org/10.1016/j.marpolbul.2015.03.030,CORE_INCLUDE
B005,POSITIVE_CORE,"USGS (n.d.). International team studies impacts of oil and gas drilling on cold-water corals. U.S. Geological Survey.",https://www.usgs.gov/centers/spcmsc/news/international-team-studies-impacts-oil-and-gas-drilling-cold-water-corals,CORE_INCLUDE
B006,NEGATIVE_TROPICAL,"Fabricius, K.E. (2005). Effects of terrestrial runoff on the ecology of corals and coral reefs: review and synthesis. Marine Pollution Bulletin, 50(2), 125–146.",,EXCLUDE
B007,NEGATIVE_TROPICAL,"Wooldridge, S.A. (2009). Water quality and coral bleaching thresholds: Formalising the linkage for the inshore reefs of the Great Barrier Reef, Australia. Marine Pollution Bulletin, 58(5), 745–751.",https://doi.org/10.1016/j.marpolbul.2008.12.013,EXCLUDE
B008,NEGATIVE_TROPICAL,"De'ath, G., Fabricius, K.E., Sweatman, H. & Puotinen, M. (2012). The 27-year decline of coral cover on the Great Barrier Reef and its causes. Proceedings of the National Academy of Sciences, 109(44), 17995–17999.",https://doi.org/10.1073/pnas.1208909109,EXCLUDE
B009,TRANSFERABLE_MECHANISM,"Miller et al. (2016). Port of Miami dredging-impact study supplied by project co-lead as a morphology/burial transferability example.",https://pmc.ncbi.nlm.nih.gov/articles/PMC5119242/,TRANSFERABLE_MECHANISM
