calibration_record_id,corpus_id,decision,reason_code,organism_evidence,stressor_evidence,response_evidence,transferability_basis,citation_chain_basis,screening_source,confidence,needs_full_text,rationale,attempts,request_sha256,response_sha256
V6V-001,CWC-0665FDF2B935,EXCLUDE,X05_RESPONSE_OUT_OF_SCOPE,Cold-water coral community (mixed) on Atlantic mid-bathyal coarse sediment.,"No explicit sediment-related exposure or pathway; 'coarse sediment' is described as a physical habitat, not a stressor.",No biological response reported; habitat classification only.,,,TITLE_ABSTRACT,HIGH,False,"The record is a habitat-classification entry describing a mixed cold-water coral community on coarse sediment. It does not report any sediment-related exposure (e.g., deposition, turbidity, burial) or biological response. Use of 'coarse sediment' refers to habitat substrate, not a stressor. Therefore CORE_INCLUDE is not supported. CITATION_CHAIN_CANDIDATE is also inappropriate because this is a descriptive classification page without a direct sediment-impact or monitoring focus that would justify reference mining. Thus EXCLUDE with X05_RESPONSE_OUT_OF_SCOPE is the correct decision.",1,40cc81fca87e4f0b0b22c64a9c7c7d8b7efee060a5bbb8ed207eb13a0f98171c,2022dd4095dd15a832e23ab93a0ed7654ebeb8aaae79ef80328a76f4a9318596
V6V-002,CWC-F5FD6B84111D,EXCLUDE,X01_ORGANISM_OUT_OF_SCOPE,"Study organism is the sea cucumber Stichopus cf. monotuberculatus, not a coral or sponge.","Abstract mentions sediment turnover and defecation rates, but this is sea cucumber sediment processing, not a sediment stressor for corals or sponges.",No coral or sponge biological response to sediment is described.,,,TITLE_ABSTRACT,HIGH,False,"The record concerns a nocturnal sea cucumber on tropical coral reefs, not a deep-sea or cold-water coral or sponge. The sediment-related measurements are about the sea cucumber's own feeding/sediment turnover, not an exposure or response in target taxa. Therefore it is outside scope and not a credible citation-chain lead for cold-water coral/sponge sediment impacts.",1,db8ba76912e9f376a678a5e3a967edd8ec277c25c0e6cb5546565e1ef37736e3,cf3297b17ad31be5f4bda9d2801f01044777c63887b739618248322b081c24d8
V6V-003,CWC-E08D971221F6,EXCLUDE,X02_TROPICAL_NOT_CLOSELY_TRANSFERABLE,"Massive Porites corals from a tropical reef at Lihir Island, Papua New Guinea.",Mine-related turbidity and sediment stress.,"Coral tissue thickness variations, including a 20% drop after full moon and inconsistent relationship with turbidity zones.",,,TITLE_ABSTRACT,HIGH,False,"The study explicitly focuses on tropical massive Porites corals in Papua New Guinea, a warm-water reef environment. The scope rules require that warm-water/tropical studies default to EXCLUDE unless they meet the exceptional TRANSFERABLE_MECHANISM criteria, which require cold/temperate non-tropical organisms and explicit close comparability to deep-sea/cold-water taxa. This abstract does not support such comparability; it is a tropical coral turbidity response study. There is no evidence that the mechanisms transfer to cold-water/deep-sea corals or sponges. Therefore, the appropriate decision is EXCLUDE with reason code X02_TROPICAL_NOT_CLOSELY_TRANSFERABLE.",1,9441eed50616303150f2ceb3cfdf74d61ea9562975e9634fcb93f4fb91539842,74c213eee0952037627482c06e003070b87d24de0ed8261f847dda9b8f8f3dd9
V6V-004,CWC-F4145597F5EA,CORE_INCLUDE,,Deep-sea solitary cup coral Flabellum (Ulocyathus) alabastrum,"Barite and bentonite sedimentation from drill mud additions over 10 days, targeting total sedimentation depth of 6.3 mm","Polyp expansion behaviour (swelling), mucus production, and cnidocyte/nematocyte density; recovery to baseline during a 10-day recovery period",,,TITLE_ABSTRACT,HIGH,False,"The record directly concerns a deep-sea coral species, explicitly evaluates sedimentation from barite and bentonite (drill mud ingredients) as the stressor, and reports measured biological responses including behaviour, mucus production, and cnidocyte density, plus recovery. This meets all core criteria: organism is a deep-sea coral, exposure is sediment-related, and responses are observed/measured. No alternative category is needed.",1,08e58c5da42e8a8e17734c3c114baf9850d68ef171d823bffec4d6fe1f0a729b,da9a0f48f27a7f432bd39611b4b61d0fe9e79637f69bea0a2451462d4c5cd1b9
V6V-005,CWC-0283CF0F29D5,EXCLUDE,X01_ORGANISM_OUT_OF_SCOPE,"The study focuses on the squat lobster Eumunida picta, a crustacean, not on corals or sponges. Deep-sea coral habitats (Lophelia pertusa) are mentioned as habitat context, but the target organism of the study is the lobster.","No sediment-related stressor or pathway is mentioned. The study examines habitat use, demography, and behavior in coral habitats, with no sediment exposure, burial, turbidity, or similar.","No biological response of corals or sponges to sediment is measured or described. The responses reported are those of the squat lobster (abundance, distribution, behavior), which are out of scope.",,,TITLE_ABSTRACT,HIGH,False,"The record concerns a squat lobster associated with deep-water coral habitats, not the corals or sponges themselves. The study focuses on the lobster's demography, behavior, and habitat use. There is no sediment stressor or biological response of corals/sponges to sediment. This is an organism out of scope, not a citation-chain lead because it lacks a sediment focus. Warm-water analogues are irrelevant. Thus, EXCLUDE with X01_ORGANISM_OUT_OF_SCOPE is appropriate.",1,f9caafa6e21195625af489485e28a76a572efab7f80b48439873dde16fb9634b,993ec5e1ef9527babec650860995a79713b6a8571a57827d77ce5ab9a79b8e1e
V6V-006,CWC-E3614FFFA1EE,EXCLUDE,X02_TROPICAL_NOT_CLOSELY_TRANSFERABLE,"Hard corals Acropora donei, A. millepora, A. muricata (Acropora sp.) in the Spermonde Islands, South Sulawesi, Indonesia; tropical reef corals.",Turbid waters; turbidity and total suspended solids measured as environmental parameters.,Measured growth rate and survival of coral fragments; regression analysis indicated turbidity did not significantly affect coral growth.,,,TITLE_ABSTRACT,HIGH,False,"The record reports growth and survival of tropical Acropora corals in Indonesian turbid waters. Although it includes a sediment-related exposure and biological responses, the organism is explicitly a warm-water tropical coral. The scope instructs that warm-water/tropical studies default to EXCLUDE and cannot qualify as transferable mechanisms based on trait or taxonomic similarity alone. No evidence suggests this is a cold/temperate or deep-sea coral study, and the environment is a tropical reef system. Therefore, it is excluded with X02_TROPICAL_NOT_CLOSELY_TRANSFERABLE.",1,6e0c7e0aca0ed25da57f98910792781ebe0fff4ef1386c368c2199c945e3f8c6,97f2cca670b681839469be136696f338aafeec15c9c697fcf5982bc9d9364bc9
V6V-007,CWC-28BEEE0E5914,CORE_INCLUDE,,"Cold-water scleractinian coral Lophelia pertusa, studied in situ on a reef off mid-Norway.",Exposure to drill cuttings discharged during drilling of a well; reef was down-current from discharge and exposed 11 times over 5 days 15 h (total 13 h 37 min).,"Polyp expansion state measured visually; no significant difference between exposed and unexposed corals, but behavior varied with current direction/velocity and position in colony; noted limited temporal scope.",,,TITLE_ABSTRACT,HIGH,False,"The record explicitly concerns a deep-sea/cold-water coral (Lophelia pertusa) exposed to drill cuttings (sediment-related stressor) and reports measured polyp behavior/expansion state, an eligible biological response. The in situ monitoring design directly evaluates exposure-response relationships, even though the result was largely non-significant for exposure. Thus all core criteria are met: organism in scope, explicit sediment pathway, and trait/response assessed. No transferability reasoning is needed. The closest alternative would be citation-chain candidate if no response were reported, but here a behavioral response is clearly measured.",1,9a1909d83cd1c9c97f51992b007a68f34f3531af70fd90b57b68fed731ad2ca2,6f12b156449d4a5f8e1487e5642dc50a6a5c6433663d2642c3d5e008d729157f
V6V-008,CWC-04A4E2BAECDE,EXCLUDE,X01_ORGANISM_OUT_OF_SCOPE,"Chaetodon butterflyfish (coral reef fish), not a coral or sponge.",Turbidity gradient from river sedimentation on a tropical coral reef.,"Foraging and movement behaviour of fish, not a coral or sponge response.",,,TITLE_ABSTRACT,HIGH,False,"The record concerns butterflyfish behaviour along a turbidity gradient, not corals or sponges. The organism is a fish, and the response is fish behaviour, so it fails the organism scope. There is no evidence of a deep-sea or cold-water coral/sponge sediment-related response, and no basis for transferable mechanism or citation-chain candidacy.",1,b5b12aeb97049379a1c97bd03c57fa8ddcc23b5d447cabb35d8950dd483d8585,84d3086bae67f92ef3e018e89efca221c471537d8ef2fe13bc319ae034c18a2f
V6V-009,CWC-3143828C5285,CORE_INCLUDE,,Cold-water octocoral Dentomuricea aff. meteor,"Suspended polymetallic sulphide (PMS) and quartz particles simulating deep-sea mining sediment plumes, at 25 mg/L nominal (achieved 2-3 mg/L PMS and 15-18 mg/L quartz)","Tissue necrosis, copper bioaccumulation, mortality of all fragments, increased respiration and ammonia excretion, cellular stress biomarkers and gene expression changes; mechanical particle effects elicited cellular stress/immune responses",,,TITLE_ABSTRACT,HIGH,False,"The abstract explicitly reports a deep-sea cold-water octocoral exposed to sediment plumes from mining activities. Measured responses include tissue condition, necrosis, copper bioaccumulation, mortality, respiration, ammonia excretion, and molecular stress responses. This directly matches core criteria (deep-sea/cold-water organism, explicit sediment exposure, measured biological responses). No alternative category is needed because the source is clearly in-scope and substantive. Confidence is high based on the detailed experimental evidence in the abstract.",1,e3c35e45a55b008768c94a1781490f849dc8b808ec652245db2d5c3d021b4791,bc24eec65ef4a0aa5fdd418b5fcec0ad619509bdba524bd1a160ed7610b2394c
V6V-010,CWC-052940936060,CITATION_CHAIN_CANDIDATE,C01_DEEP_COLD_CONTEXT_NO_RESPONSE,"Deep-sea scleractinian coral Lophelia pertusa habitats in the Gulf of Mexico; study focuses on sediment macrofauna, not corals/sponges as response organisms.","No explicit sediment stressor on corals/sponges; sediment is examined as habitat for macrofauna, with coral presence facilitating sediment accumulation but no exposure pathway to corals evaluated.","No eligible coral or sponge biological response; reported responses are macrofaunal abundance, diversity, and community composition in sediments near vs. background.",,"Substantive deep-sea Lophelia pertusa habitat study with direct sediment focus (sediment macrofauna, sediment accumulation near corals); likely to cite literature on coral-sediment interactions that could lead to in-scope sediment response studies.",TITLE_ABSTRACT,HIGH,False,"The abstract clearly describes a deep-sea Lophelia pertusa habitat study examining sediment macrofaunal community composition near coral versus background sediments. No coral or sponge response to sediment exposure is reported; the responses are for macrofauna, which is outside scope. The source is substantive and has a direct sediment focus, making it a credible citation-chain lead for finding in-scope sediment response evidence in deep-sea coral habitats. Therefore CITATION_CHAIN_CANDIDATE with C01_DEEP_COLD_CONTEXT_NO_RESPONSE is appropriate.",1,2bc21683cd6691e0ea326a563347b163a2d597acbb4d9b992f1ffaac8f5f911e,25c95fe965be5d93e97b69c47ae81fc054a1199e068b15c18e7352331458b349
V6V-011,CWC-10E90977984E,EXCLUDE,X05_RESPONSE_OUT_OF_SCOPE,"Deep-sea coral habitats are mentioned, but the entity whose response is studied is sediment macrofauna living adjacent to corals, not the corals or sponges themselves.",No sediment-related exposure or stressor on corals/sponges is described; the focus is on coral habitats influencing macrofaunal community structure.,"The measured response is sediment macrofaunal community structure and function, which does not match the required coral/sponge biological response categories.",,,TITLE_ABSTRACT,HIGH,False,"The title and partial abstract indicate a study of how deep-sea coral habitats influence sediment macrofaunal community structure and function. The organisms whose response is reported are infaunal macrofauna, not corals or sponges. There is no explicit sediment stressor affecting corals/sponges and no coral/sponge biological response. Thus it fails the response and stressor scope. It is not a strong citation-chain lead because the sediment focus is on macrofaunal community ecology around coral habitats, not on sediment impacts to corals/sponges. Therefore EXCLUDE is most appropriate.",1,d7c75c744cf509194ea13a74162410bed4ec9d4478b8ec0012be7dbdb48634c2,6c1b07697ff5db6ea6e1d43d653670176dbd65315163f5042568cb141c09b4a1
V6V-012,CWC-FA6A2B921E3D,CITATION_CHAIN_CANDIDATE,C03_STRESSOR_OR_TRAIT_LEAD,"Cold-water coral reefs and mounds in the Southwest Rockall Trough margin, NE Atlantic; sites with dense coral cover and without coral cover.",Near-bed particle deposition and resuspension; internal-wave-driven mass fluxes; sediment trap measurements of resuspended material and fresh particle supply.,"No biological response reported; the study describes physical particle baffling by coral framework affecting sediment flux, not coral health, growth, or other organism-level responses.",,Substantive deep-sea cold-water coral habitat study with direct sediment deposition/resuspension focus; likely cites or is related to literature on sediment impacts on cold-water corals.,TITLE_ABSTRACT,HIGH,False,"The record involves cold-water corals and an explicit sediment-related pathway (particle deposition/resuspension, mass fluxes) but does not report any eligible biological response (mortality, growth, physiology, etc.). Therefore it is not CORE_INCLUDE. It is a substantive deep-sea cold-water coral source with a direct sediment dynamics focus, making it a useful citation-chain lead to find response evidence. It is not a warm-water/tropical study, so not EXCLUDE. It is clearly not TRANSFERABLE_MECHANISM or UNCERTAIN. The reason code C03_STRESSOR_OR_TRAIT_LEAD fits because the sediment focus is a stressor-pathway lead rather than a review or monitoring context.",1,521531dfcf107198221221cd9b6cdc483293c88b7ce3c1ef3558d17882452ae1,71e23d63066245efba745173949dafb915a0829608ffb2a2cf78d3144d9bbbd2
V6V-013,CWC-2EB3E78A9C15,EXCLUDE,X05_RESPONSE_OUT_OF_SCOPE,"Warm-water coral reef in Amami-Oshima Island, Japan; not a deep-sea or cold-water coral or sponge.","Mentions turbid water, suspended sediment (SS), and water depth changes, but not as an explicit sediment stressor on corals.",No biological response reported; the study focuses on ocean color reproduction via a bio-optical model and reflectance correlations.,,,TITLE_ABSTRACT,HIGH,False,"The study concerns a warm-water coral reef in Japan and uses a bio-optical model to reproduce turbid ocean color, not to assess any coral or sponge biological response. The supplied text does not describe mortality, growth, physiology, feeding, or any other eligible trait response. It also lacks a deep-sea/cold-water context. Warm-water tropical studies default to EXCLUDE. The appropriate reason is the response is out of scope (X05), as there is no organism-level biological response. No transferability is warranted because the evidence does not demonstrate a close analogue to deep-sea cold-water taxa.",1,8cd7ef17c5ee05ddaa9d6209a5cad795ba7dacfa776c43dddb362065fc106a41,76ce35892498f262089e297a6bdee829176b77aea0d16045ec0f7552b54f4a34
V6V-014,CWC-E15BC38D95E5,CORE_INCLUDE,,Cold-water octocoral Dentomuricea aff. meteor.,Mining-generated sediment plumes; suspended PMS and quartz particles.,Gene expression profiles evaluating cellular stress and antioxidant reaction pathways.,,,TITLE_ABSTRACT,HIGH,False,"The title and abstract explicitly describe a cold-water octocoral (Dentomuricea aff. meteor) exposed to mining-generated sediment plumes, with measured gene expression responses. This is a direct test of an eligible biological response to an explicit sediment-related exposure, fitting the CORE_INCLUDE criteria.",1,a7c35975baa446cb5ddfe9569abdc05fd2d84221034a8cc016be2730b0e1e3df,cfd66ffe2e55b5374c589789b27793211b32a7a87840e9217505ae130e0a4887
V6V-015,CWC-C1B7BB939BE8,CORE_INCLUDE,,"Cold-water coral Desmophyllum pertusum (Lophelia pertusa), explicitly identified as a cold-water coral (CWC).","Exposure to suspended particles: bentonite (BE), barite (BA), and drill cuttings (DC) at realistic concentrations ~4 to ~60 mg/L, delivered as repeated 4-hour pulses over 5 days.","Measured physiological responses (respiration rate, growth rate, mucus POC and PON) and polyp mortality at 2 and 6 weeks post-exposure. Significant increases in mucus OC:ON for BE-exposed corals and polyp mortality at DC doses 19 and 49 mg/L; threshold ~20 mg/L identified.",,,TITLE_ABSTRACT,HIGH,False,"The record describes a cold-water coral (Desmophyllum pertusum) exposed to suspended sediment-related particles (bentonite, barite, drill cuttings). It reports measured physiological and mortality responses, including respiration, growth, mucus composition, and polyp mortality, with an identified effect threshold. This matches the core criteria for an eligible organism, explicit sediment stressor, and biological response. No supplementary reasoning is needed.",1,60adfca22c4f9e31b98ced1523eb3c371f4dbc75ee3f435be0f57c158601f2f9,5c6438201d29f94f3696f89f724b2a86c81a828af477db70bac293d479c4e097
V6V-016,CWC-DE28CCA01688,EXCLUDE,X01_ORGANISM_OUT_OF_SCOPE,"Study focuses on coralline algae (rhodoliths and coralline algal build-ups), not corals or sponges.","Mentions storm-driven redeposition and rapid burial, but these relate to algal deposits rather than coral or sponge sediment exposure.",No coral or sponge biological response to sediment is reported.,,,TITLE_ABSTRACT,HIGH,False,"The record is about coralline algal build-ups in the Arctic, not deep-sea or cold-water corals or sponges. No coral/sponge sediment-related response is described. It is therefore out of scope for core inclusion, and the lack of a coral/sponge focus means it is not a suitable citation-chain candidate.",1,d2f0b54f5b5f26fef66fc773c877ef4f2526ff904b8733ad410e730c0312eb48,cd2d65214c5e8a345a2a4aaedac58368b0ecc9c458cb60eaa0afb4de047ff066
V6V-017,CWC-FCEF2BEBFA85,CORE_INCLUDE,,"Six cold-water corals from a Mediterranean submarine canyon: Dendrophyllia cornigera, Desmophyllum dianthus, Desmophyllum pertusum, Madrepora oculata, Leiopathes glaberrima, and Muriceides lepida.","Sediment resuspension from bottom trawling, operationalized as increased suspended sediment concentration (SSC) in a long-term aquarium-based disturbance experiment.","Measured survival, growth, and physiological response; substantial polyp mortality in colonial scleractinians and black coral under enhanced SSC treatments.",,,TITLE_ABSTRACT,HIGH,False,"The abstract explicitly identifies cold-water corals, a sediment-related stressor (suspended sediment from bottom trawling), and observed organism-level responses (survival, growth, physiological response, polyp mortality). This directly matches core inclusion criteria and requires no inference or transferability reasoning.",1,8484f51fa5a71927f829d5f77784ee66da64352e3c35f9cdd136780101b069cd,4b710ac2180cdd0b3b54189bd2255fe588d511d9f7a01185ee080fba10381918
V6V-018,CWC-06A242DB83C1,CORE_INCLUDE,,"Stony coral Lophelia pertusa, a cold-water/deep-sea scleractinian coral",Exposure to drill cuttings at 2-12 mg/L and petroleum discharges at the seafloor,Modifications in coral mucus protein composition in exposed versus unexposed individuals; preliminary protein marker discovery,,,TITLE_ABSTRACT,HIGH,False,"The abstract clearly identifies a deep-sea/cold-water coral (Lophelia pertusa), an explicit sediment-related stressor (drill cuttings and petroleum discharges), and an observed biological response (changes in mucus protein composition). This meets the core criteria for an eligible response, specifically tissue/proteomic effects and biomarker responses. The closest alternative would be CITATION_CHAIN_CANDIDATE, but that is inappropriate because a substantive response is reported, not merely a contextual lead. The preliminary nature and monitoring focus do not exclude it from core inclusion.",1,d1889c95d418f80e74d09ca27a55fd116d61dd07909a21090b076b19b6510abf,e24b49036eb744ceebd4ab208c1928cf13dde1fcc7b0d0bbbbc1634c28c8f2ba
V6V-019,CWC-95AB51414372,EXCLUDE,X01_ORGANISM_OUT_OF_SCOPE,"Study organism is juvenile anemonefish (Amphiprion melanopus), a coral reef fish, not a coral or sponge species.",Suspended sediment exposure at 0 or 180 mg/L for 7 days; acute exposure also tested.,"Predator escape performance and anti-predator behaviour (fast-start response, activity, open-area avoidance).",,,TITLE_ABSTRACT,HIGH,False,"The record focuses on a coral reef fish, not a cold-water or deep-sea coral or sponge. The scope explicitly requires corals (scleractinians, octocorals, etc.) or sponges (Porifera). Although there is a sediment exposure and behavioural response, the organism is outside the target taxonomic groups. No coral or sponge response is reported. This is a clear eligibility failure, so exclusion is appropriate. It is not a citation-chain candidate because the study is on fish and not substantively about coral or sponge sediment responses.",1,f05e0a3247e7724652a96e1eb2d9841bf90f74ea46603b6137917dd8e5da5bea,eb03c4b3400e1bd8efeb7f990cd24a5af4c9be1111be67e81dd2e8cfa982b021
V6V-020,CWC-A7E6E0FF198F,EXCLUDE,X04_SEDIMENT_PATHWAY_NOT_EXPLICIT,Deep-sea sponges from the Atlantic Ocean.,"None; dredging mentioned is collection method, not an explicit sediment exposure.",None.,,,TITLE_ONLY,HIGH,False,"The title indicates a taxonomic description of deep-sea sponges and spicules collected by dredging. No sediment-related stressor or biological response is described or implicated. Dredging merely serves as the collection method. The record lacks any explicit sediment pathway, burial, turbidity, or particulate exposure, and does not report an eligible coral or sponge response. As a deep-sea sponge taxonomic source, it could be considered a citation-chain lead, but its focus is taxonomy, not sediment impacts, so it does not meet the threshold for CITATION_CHAIN_CANDIDATE. The absence of any sediment-related content in the available information makes exclusion appropriate.",1,d17a94c1278ae31cbc157f33af27f7e2df8fac2de1a59d087cccf8a9adbdea83,4fd4f6d8aab457170a0b3b2d43d12038df3ca99983e24556ba2164e67cb5d337
V6V-021,CWC-4D68FDBA087A,EXCLUDE,X02_TROPICAL_NOT_CLOSELY_TRANSFERABLE,"Tropical tabular coral Acropora cytherea at Lizard Island, Great Barrier Reef.",Sedimentation (tile orientation with 30% sediment cover on horizontal tiles) and fish grazing.,Early post-settlement survival quantified; grazing affected survival in one habitat; sedimentation had no detected effect on survival.,,,TITLE_ABSTRACT,HIGH,False,"The record concerns a warm-water/tropical coral (Acropora cytherea) and explicitly evaluates sedimentation effects on post-settlement survival. Under the decision rules, warm-water and tropical studies default to EXCLUDE, and the transferable mechanism category is reserved for non-tropical, cold/temperate organisms with explicit comparability to deep-sea/cold-water taxa. This study does not meet that exceptional standard, and the source is not a credible citation-chain lead for deep-sea/cold-water coral responses. Therefore, EXCLUDE with reason X02_TROPICAL_NOT_CLOSELY_TRANSFERABLE is appropriate.",1,fc2ddd233911fc8719e96b201ac0bfca96ffe07b11f5c81593a1173906bd045d,2c7deb0e4ed0f744f3983f4c9e1007683653a66630107925b27ebb4006964b63
V6V-022,CWC-3FF748AC3C6B,UNCERTAIN,U01_MISSING_ABSTRACT,Solitary coral (taxon not specified in title),Sediment-accumulation rates (explicit in title),"Growth forms and distribution patterns (mentioned as index, but response nature unclear)",,,TITLE_ONLY,LOW,True,"Title suggests a link between solitary coral growth forms and sediment accumulation rates, but the abstract is missing and no full text is identified. It cannot be determined whether the corals are deep-sea or cold-water, whether the study evaluates a biological response to sediment exposure, or whether the source is substantive enough for inclusion. The stressor and response are potentially within scope, but the organism context is ambiguous. Since the record lacks sufficient information to distinguish among categories, it is marked UNCERTAIN with reason code U01_MISSING_ABSTRACT.",1,c9fc55cab858b2f9f8b57213d8254bfa55ecd67b8472ece3cd810bd857b8e3a2,bce33855370c5ba55f85a5e8abd93205ca45587b48c992d4c02dbe91482158e1
V6V-023,CWC-CE39881E5B30,EXCLUDE,X04_SEDIMENT_PATHWAY_NOT_EXPLICIT,"Deep-sea corals from the Challenger expedition, described as true corals dredged in deep water.","No explicit sediment-related exposure; dredging is used solely as a collection method, not as an environmental stressor or sediment pathway.","None reported; the report is a preliminary taxonomic description of coral specimens, with no mention of biological responses to sediment or dredging impacts.",,,TITLE_ABSTRACT,HIGH,False,"The record is a preliminary taxonomic report on deep-sea corals collected by dredging during the Challenger voyage. It describes specimens and species relations, not sediment-related biological responses. Dredging is merely a collection method and does not establish an explicit sediment exposure or pathway. No response evidence is present. The source is not a citation-chain lead because its focus is taxonomy, not sediment/dredging impacts. Therefore, it is excluded under the sediment-pathway-not-explicit criterion.",1,8e6147396356496a80f74fe0e42549af6bb5007f9661c1c27f17733b69950d68,f60b3d6ac5412ce0d34f5b5aa41dfcee326e96e855447144b37ca8cdfb85aeb1
V6V-024,CWC-121A40800870,EXCLUDE,X02_TROPICAL_NOT_CLOSELY_TRANSFERABLE,"Acropora cervicornis, a warm-water tropical scleractinian coral",Short-term exposure to drilling muds,Calcification rate and protein concentration as responses,,,TITLE_ONLY,HIGH,False,"The title identifies Acropora cervicornis, a tropical coral species, and addresses responses to drilling mud exposure. This is a warm-water tropical study that defaults to exclusion under the rules. There is no evidence that this species or its environment, exposure, and responses are closely comparable to deep-sea or cold-water corals. The transferable mechanism category is not applicable because the required comparability is unsupported. The source is substantive but not a deep-sea/cold-water lead, so it is not a citation-chain candidate. Exclude.",1,006335a1228646001ee341e03fbb049d8f2c26dbe567200428a79a73a3d4f114,8f23cfeb377ccb871e956cc18c6892482e11f9e56b0521d01272e7677b7833a0
V6V-025,CWC-FE3241E9711D,EXCLUDE,X02_TROPICAL_NOT_CLOSELY_TRANSFERABLE,"Tropical/subtropical branching coral Stylophora pistillata, nubbins transplanted at 6 m depth in the Red Sea (Eilat).",Organically enriched particulate matter released by a net-pen fish farm; settled particulate matter and partial burial of coral nubbins.,"Survival high at both sites; significant reduction in lateral growth rates for upward-oriented nubbins at the fish farm, faster growth in vertical orientation.",,,TITLE_ABSTRACT,HIGH,False,"The study concerns warm-water, shallow (6 m) Red Sea coral Stylophora pistillata, not a deep-sea or cold-water coral or sponge. Although it explicitly tests sediment/particulate exposure and measures survival and growth, the evidence does not support transferability to cold-water/deep-sea taxa. The transferable-mechanism exceptional category requires a non-tropical cold/temperate study with close comparability on organism, environment, exposure, and response; none are supported here. Therefore this warm-water tropical study defaults to EXCLUDE under X02_TROPICAL_NOT_CLOSELY_TRANSFERABLE.",1,821b44d42221ea5c457cdbf6873c5b68489465e38eb3c80d555312758eb3a135,622b0c22e17a324ccb3f1503e0933c1f2e975c23ef85a09d5062bd3e1593b703
V6V-026,CWC-B8464381FEED,EXCLUDE,X03_STRESSOR_OUT_OF_SCOPE,"Warm-water tropical hard corals (Pavona, Porites, Acropora) in the Dampier Archipelago, northwestern Australia.","Successive heat stress events (DHW 12.7 and 14.4); total suspended solids (TSS) and light attenuation are environmental covariates, not direct sediment stressors.",Coral bleaching prevalence and changes in coral cover following heat stress; no sediment-specific biological response reported.,,,TITLE_ABSTRACT,HIGH,False,"This record describes tropical, warm-water corals on turbid reefs responding to successive heat stress events. Although suspended particulates and TSS are measured, the biological outcome (bleaching and coral cover change) is driven by thermal stress, not by an explicit sediment exposure pathway. The study does not involve deep-sea or cold-water corals/sponges, and the stressor is outside the scope of sediment-related effects. The tropical context also precludes use as a citation-chain candidate. Therefore, exclusion under X03 is appropriate.",1,1700ab95443b5f56f0f92996094b2ce181bd2359af2b2067b0a81d783f6d4cbf,5df58d3431bedb5aa652741c4d95bf57f9f4379f1661556bb6aabef3240f40e3
V6V-027,CWC-405753EB5E0A,EXCLUDE,X04_SEDIMENT_PATHWAY_NOT_EXPLICIT,"Turbid-water corals; no indication that they are deep-sea or cold-water corals; likely shallow-water, possibly tropical.","Title mentions 'turbid-water' as an environment, but no explicit sediment exposure, turbidity, burial, or plume pathway is described; focus is thermal tolerance.",Title indicates a trade-off between thermal tolerance and calcification; no explicit sediment-related biological response is reported.,,,TITLE_ONLY,MEDIUM,False,"This record is excluded because the title focuses on energetic trade-offs between thermal tolerance and calcification in turbid-water corals, not on sediment-related stressor-response relationships. The only potential sediment link is the term 'turbid-water,' which describes a habitat condition rather than an explicit exposure or biological response. Additionally, no evidence indicates that these corals are deep-sea or cold-water taxa. Therefore, the study does not meet core inclusion criteria, and the sediment pathway is not explicit enough to make it a citation-chain candidate for sediment-specific evidence.",1,9b4a091b7fd09bc39f09cf46551a5dcbabc5c94302f189b7b7dbe843e4b8033b,01d84d2db979b47388bb524192d99b13cf934fad3444397076468f8e3b99892d
V6V-028,CWC-ECD90E3C96E1,CITATION_CHAIN_CANDIDATE,C02_REVIEW_OR_MONITORING_LEAD,"Lophelia pertusa, a deep-water coral, studied in the laboratory; polyps monitored via time-lapse video.","Abstract explicitly discusses potential smothering by sediments disturbed by bottom trawls or sub-seabed drilling, and notes the method can record responses to sedimentation. No actual sediment exposure in this study.",No sediment-related biological response reported; polyp behaviour asynchrony is described but not linked to a sediment stressor. The method is proposed for future sedimentation response monitoring.,,"Substantive deep-water coral source with explicit sediment/monitoring focus; likely to cite or set up relevant sediment impact literature for deep-sea corals, making reference mining worthwhile.",TITLE_ABSTRACT,HIGH,False,"The record presents a method for monitoring deep-water coral polyp behaviour, with a clear conceptual link to sediment disturbance and a stated capability to record responses to sedimentation. However, no actual sediment exposure or biological response to sediment is observed or measured in the study itself. Therefore it is not CORE_INCLUDE. It is also not EXCLUDE because the deep-sea/cold-water context and direct sediment/monitoring focus make it a credible citation-chain lead. The closest alternative would be EXCLUDE for lack of response, but the explicit sediment/monitoring framing justifies CITATION_CHAIN_CANDIDATE.",1,97b07a9b899e41c823a6d3b8f151b484a4274561355c8259dd0fba3ab036310d,c305686a66a798a6104ddb770c611028a880191b0bad19f8e7a852647b530b1a
V6V-029,CWC-AABF14A88309,EXCLUDE,X02_TROPICAL_NOT_CLOSELY_TRANSFERABLE,Tropical corals Pocillopora damicornis and Acropora millepora on the Great Barrier Reef.,Suspended sediment as a food source on turbid nearshore reefs.,"Particle clearance rates, sediment ingestion rates, and assimilation efficiency of particulate carbon.",,,TITLE_ABSTRACT,HIGH,False,"This is a warm-water/tropical Great Barrier Reef study directly testing coral feeding on suspended sediment. The organism is a tropical scleractinian coral, not a deep-sea or cold-water target. The study is outside the strict core definition and does not meet the exceptional transferable mechanism criteria because tropical mechanisms are not assumed transferable. No deep-sea/cold-water context is present, so it is not a credible citation-chain lead for deep-sea sediment evidence. Exclude under X02.",1,21e6b235ae66c8a9025ad1231676f1141bb38d9d433d3b4174c70adc23c9cccb,edf0d88a3de74b289d980473bd73ac76744fab8b9eab372d7df1a26c5281eecb
V6V-030,CWC-074B411D14C5,CITATION_CHAIN_CANDIDATE,C02_REVIEW_OR_MONITORING_LEAD,"Cold-water coral mini-mounds with Lophelia pertusa coral rubble, found at 250-410 m in canyon interfluves.",Sedimentological and geological study of submarine canyons; no explicit sediment exposure or stressor to corals described.,"No sediment-related biological response; biological analyses report ophiuroids and Munida associated with coral rubble, but no coral/sponge response to sediment.",,"Substantive deep-sea/cold-water coral paper focused on canyon geology, sedimentology, and habitat mapping; references likely include sediment-related coral studies.",TITLE_ABSTRACT,HIGH,False,"The record describes a cold-water coral habitat within a sedimentary canyon context, but lacks any explicit sediment exposure or biological response. It is therefore not core. It is a substantive deep-sea/cold-water coral source with a strong sedimentological and monitoring focus, making it a credible citation-chain lead for finding in-scope response evidence. The closest alternative, CORE_INCLUDE, is not supported because no trait or response is assessed. EXCLUDE would overlook the value of its reference list for high-recall screening.",1,353a69b5cccc4c0f0e972da9d920d96ae423a65e49180bcf567416c5fa978516,4b3a750a7188d7f2fc5a49d3eeea1b329ee800054623e3487a888aac71d06538
V6V-031,CWC-5E28A716FFBA,EXCLUDE,X02_TROPICAL_NOT_CLOSELY_TRANSFERABLE,Tropical coral reefs including Acropora formosa in the Great Barrier Reef; no deep-sea or cold-water coral or sponge specified.,"Sediment pore waters were sampled for DMS/DMSP concentrations, but no sediment-related exposure or pathway was evaluated in the context of a stressor.",No coral or sponge biological response was measured; the study reports sulfur compound concentrations in environmental samples.,,,TITLE_ABSTRACT,HIGH,False,"The study is set in tropical coral reefs of the Great Barrier Reef, not deep-sea or cold-water environments. It measures DMS and DMSP concentrations in mucus and sediment pore waters, but does not assess any sediment-related biological response in corals or sponges. The warm-water context and lack of an organism-level response make this outside scope and not transferable to cold-water/deep-sea target taxa.",1,60e2cd1fc2c353052d3dd7029e4183a7ab90699504f6e0f3ac806c7608486256,df604f64631d28029691a622d4268256ee4ea3d7df6a4097a3fb6fcb3f70bf50
V6V-032,CWC-D54B2702337C,EXCLUDE,X02_TROPICAL_NOT_CLOSELY_TRANSFERABLE,"Acropora coral, a tropical reef coral in the northern South China Sea.",Turbid reef environment mentioned; no explicit sediment exposure pathway or dose described.,"Mortality reported in the title, but response not linked to a specific sediment stressor.",,,TITLE_ONLY,HIGH,False,"The record clearly concerns a warm-water tropical Acropora coral from a South China Sea turbid reef. Per the decision rules, warm-water and tropical coral studies default to EXCLUDE without explicit evidence that the organism, environment, exposure, and response are closely comparable to deep-sea or cold-water target taxa. No abstract or full text is available to establish such transferability. The title alone indicates a tropical reef context, making this outside the core scope and not a credible citation-chain lead for cold-water/deep-sea sediment-response evidence. Therefore, EXCLUDE with X02.",1,2c8fafb147bcaa4e79e99b3510c040360d631642281fd3c72bfc832798560ce5,edab3ef81022ae5bae6f16553ef945f5c15f03238b16975345b4f77d4cad0950
V6V-033,CWC-F377D1FD8E5D,EXCLUDE,X02_TROPICAL_NOT_CLOSELY_TRANSFERABLE,Massive Porites corals (tropical reef corals) in Papua New Guinea,Mine-related sediment/turbidity stress; increased turbidity,Coral tissue thickness used as bio-indicator; observed reduction in tissue thickness related to turbidity,,,TITLE_ABSTRACT,HIGH,False,"The record is explicitly about tropical massive Porites corals at Lihir Island, Papua New Guinea, not deep-sea or cold-water corals or sponges. The stressor is mine-related turbidity and the response is a tissue thickness metric. Since this is a warm-water/tropical study and there is no evidence of close comparability to cold-water deep-sea taxa, it cannot be CORE_INCLUDE or TRANSFERABLE_MECHANISM. It is also not a substantive deep-sea/cold-water citation-chain lead. Therefore, default EXCLUDE with reason X02_TROPICAL_NOT_CLOSELY_TRANSFERABLE.",1,138cb28353682d827778d2fe3de480914e30d7ccc0394ce3a0274345480e8086,c6b0ed0f187293785376786acb82fa5edd5f2b635947355ceaccf9e45c57ac50
V6V-034,CWC-5B4499AD4C1C,CITATION_CHAIN_CANDIDATE,C01_DEEP_COLD_CONTEXT_NO_RESPONSE,"Cold-water coral (CWC) mini-mounds (scleractinian corals, not species-specific) at Ferrol canyon head, 400-560 m depth.",Active sediment resuspension and intermediate nepheloid layers; bottom-current-controlled sedimentary processes; no specific experimental or direct sediment exposure.,"No measured or modeled coral/sponge biological response to sediment; mini-mounds described as relict; lack of contemporary growth tentatively attributed to trawling, not sediment.",,Substantive deep-sea/cold-water coral study focused on sedimentary processes and CWC mound habitats; reference list likely to include sediment-related impact or response studies.,TITLE_ABSTRACT,HIGH,False,"This is a geomorphological/sedimentary study of a cold-water coral mini-mound province. It documents sediment resuspension, bottom-current processes, and CWC mound occurrence/depth, but no measured or explicitly assessed sediment-related biological response. It is therefore not core. It is a substantive deep-sea/cold-water coral source with direct sediment-process focus, making its reference list a promising lead for in-scope response studies. A transferable-mechanism label is inappropriate because no organism-level response is tested. An exclusion would be too strong because the deep-sea CWC and sediment focus provide citation-mining value.",1,13b3335f4221c76391abefed0ad74cbfb92f1047e47e6e9b72676185d4c263f3,2e74fade2a48e00e1d80cf4600d27978c889de59556164f5098b4de592afc37a
V6V-035,CWC-578FFD6DF69B,EXCLUDE,X01_ORGANISM_OUT_OF_SCOPE,Coral reef fish (damselfish Pomacentrus moluccensis); not a coral or sponge.,"Suspended sediment treatments (10, 20, 30 mg/l) and turbidity in a coral reef habitat.","Behavioral changes in habitat use and movement; fish behavior, not a coral or sponge response.",,,TITLE_ABSTRACT,HIGH,False,"Abstract explicitly focuses on a damselfish, not a coral or sponge; therefore fails organism scope. It is a tropical coral reef fish study, so there is no basis for transferability to deep-sea or cold-water corals/sponges. None of the eligible responses pertain to corals/sponges. The study is not a substantive deep-sea/cold-water coral or sponge source for citation mining.",1,0c9d478af6d6a71e78c30cc7a7333987962e8d6571e61247ce866e085082147f,a32a4c6f0620562a554f8aa947250866476b3d2bac1c934382808ca3b9c93de7
V6V-036,CWC-EF36FAEBFC86,CORE_INCLUDE,,"Hexactinellid (siliceous) sponges; reef-building species in Queen Charlotte Basin, Canada.",Suspended particulate matter and suspended sediment in nepheloid layer; sediment trapping and accumulation as part of reef matrix.,Particle trapping and baffling by sponges; reduced suspended sediment concentration over reef sites; incorporation of trapped sediment into reef matrix; organic carbon and nitrogen enrichment.,,,TITLE_ABSTRACT,HIGH,False,"The record describes cold-water hexactinellid sponge reefs and explicitly reports sediment-related biological responses: sponges trap and baffle suspended particulate matter, reduce suspended sediment concentrations, and incorporate trapped sediments into the reef matrix. This constitutes an eligible filtration/trapping response to a sediment pathway. The study is in a cold-water setting, not tropical, and the response is directly observed and synthesized. Therefore, it meets the core inclusion criteria. No alternative category is needed.",1,a749d5c6a3394140375ba22caf98a7e333688a9d4ad1e21c0624039c27538e05,506006593176bcd65ca3a0b03f8ce6a1d4917ecb89c0144e57238f4c233caae2
V6V-037,CWC-733F952F3ED6,CORE_INCLUDE,,Deep-sea sponges and a deep-sea coral in New Zealand; also shallow-water sponges are mentioned.,"Increased suspended sediment concentrations (SSCs), dredging, bottom-contact fisheries, potential deep-sea mining sediment plumes.",Effects of elevated SSC on sponges and a deep-sea coral are investigated; specific response variables are not detailed in the abstract.,,,TITLE_ABSTRACT,MEDIUM,True,"The abstract explicitly names deep-sea sponges and a deep-sea coral in New Zealand, directly in scope. An explicit sediment-related exposure pathway is present via increased suspended sediment concentrations, dredging, and deep-sea mining plumes. The aim is to investigate effects on the target organisms, indicating an assessed biological response, though endpoints are not specified in the abstract. The document is a substantive dissertation. The closest alternative is CITATION_CHAIN_CANDIDATE, but the record itself directly addresses sediment impacts rather than merely serving as a lead; thus CORE_INCLUDE is preferred.",1,05a6059dbfd93bf96ffab60c7a2f0cdbf4036254a0fe365d1dbcfca5a903456f,a7cd4e33828bd6dd649bf24ad692cba185a1158d5790ea7518f5cb04dbc7a5e9
V6V-038,CWC-59CF454EFFD7,CORE_INCLUDE,,Antarctic sea pen (pennatulid Malacobelemnon daytoni); also ascidians (out of scope),Increased concentrations of fine-grained glacial sediment (15-200 mg L-1 and above),Oxygen consumption measured; sea pen respiration not affected by sediment exposure; ascidians showed tiered responses,,,TITLE_ABSTRACT,HIGH,False,"The record explicitly reports a cold-water Antarctic sea pen (a coral) exposed to increased sediment concentrations, with its oxygen consumption measured. This meets the core criteria: cold-water coral, sediment-related exposure, and an assessed physiological response (respiration). The sea pen response is reported separately from the ascidians, which are out of scope but do not negate the in-scope coral result. No transferability mechanism is needed. The closest alternative would be EXCLUDE based on the ascidian focus, but the sea pen finding is substantive and directly relevant.",1,e8cfbc9beaa7f4695ec0e31bd98372be10ff0a1588b6e0f461cf87464ef137ad,40c3afc617d793efc44e9689da2da020651641f947944c0d4b2b27e0d8d8523a
V6V-039,CWC-543E1FDEF0FC,CITATION_CHAIN_CANDIDATE,C02_REVIEW_OR_MONITORING_LEAD,Cold-water corals forming coral mounds in the Atlantic Ocean.,"Sediment accumulation, hiatuses, mass wasting, non-deposition, winnowing, and hydrodynamic processes affecting sedimentary records.",No biological response to sediment exposure is reported; focus is on sedimentary processes and coral mound stratigraphy.,,"This is a substantive deep-sea cold-water coral source reviewing sedimentary dynamics directly relevant to cold-water coral mounds, likely citing studies of coral growth, sediment interactions, and possibly biological responses.",TITLE_ABSTRACT,HIGH,False,"The supplied text describes cold-water coral mounds and reviews sedimentary processes (hiatuses, winnowing, non-deposition) but does not report any coral or sponge biological response to a sediment stressor. Therefore it is not CORE_INCLUDE. It is not a warm-water analogue, so TRANSFERABLE_MECHANISM is inappropriate. As a substantive deep-sea/cold-water coral-focused review with a direct sediment-deposition focus, its references are reasonably likely to lead to in-scope response evidence, making CITATION_CHAIN_CANDIDATE the best fit. C02_REVIEW_OR_MONITORING_LEAD is used because this is a review with a strong sedimentary focus that could lead to trait/response studies.",1,bfd9326963785d8a9d74e1acace09c1ade9e45192297497e04c64e8e01ea96be,5a6e0b1d3a64ef8771b1c667f58b6648c9925328fe6067c300aca8e8e19327fc
V6V-040,CWC-00D54340DAEA,CITATION_CHAIN_CANDIDATE,C02_REVIEW_OR_MONITORING_LEAD,"Cold-water coral mound (Propeller Mound, Porcupine Seabight); corals present as living coral framework and coral rubble facies.",Sediment composition and facies distribution; no explicit sediment exposure or stressor pathway evaluated.,No biological response reported; describes sedimentary facies and spatial mapping.,,Deep-sea cold-water coral mound with sediment and facies mapping focus; reference list is likely to include studies on coral-sediment interactions and responses.,TITLE_ABSTRACT,HIGH,False,"The abstract describes sediment composition and facies mapping on a cold-water coral mound, but does not report an organism-level response to a sediment stressor. It is a substantive deep-sea/cold-water coral source with a strong sediment/facies focus, making it a plausible citation-chain lead to in-scope response evidence. It is not core because no eligible biological response is described; it is not transferable because no mechanism is tested. Therefore, citation-chain candidate is the best fit.",1,a3c397213a1cc6b41650b251b4e0a0106f4a0894ac9c2b356cd29fc5101afdf5,b3a53e4d1799b1aae3ed46e5e4949893b25c600023dc4193b473c981f4e2bdf6
V6V-041,CWC-BEEEEFF3A865,CORE_INCLUDE,,"Vazella pourtalesii, a deep-sea glass sponge (Hexactinellida) sampled at 150 m depth on the Scotian Shelf, representing the upper limit of this deep-sea species.",Sediment deposition triggered by a storm; high suspended sediment concentrations; strong bottom currents (>37 cm/s) toppling and displacing the sponge.,"Sediment cleared from the sponge surface within 72 h; rhythmic contractions; passive locomotion and displacement without observed deterioration; behavioral responses to sediment deposition, currents, and positional changes.",,,TITLE_ABSTRACT,HIGH,False,"The record explicitly concerns a deep-sea glass sponge (Vazella pourtalesii), an explicit sediment stressor (storm-driven sediment deposition and high suspended sediment concentrations), and observed biological responses (sediment clearance within 72 hours, contractions, and tolerance to toppling/displacement). The article is a substantive peer-reviewed source. All CORE_INCLUDE criteria are met, and the direct organism-level response is reported, so it does not need transferable-mechanism or citation-chain treatment. Confidence is high because the abstract provides explicit quantitative and qualitative response evidence tied to the sediment exposure.",1,177631b317121ff071e19e617201c302af0661aa516cc5662e1ff87dc475b8df,29bc41b3a926ab623001f09b8126a079e36a08f27958279a086c41f4d50b4bd4
V6V-042,CWC-789F37BA22AF,CORE_INCLUDE,,"Deep-water corals along the continental slope of Campos Basin, Brazil are explicitly mentioned.","Sediment resuspension and deposition induced by bottom-trawling, with modeled sediment deposition layers.",Potential deleterious effects are assessed by comparing modeled deposition thickness to threshold/tolerance limits from the literature; the study explicitly evaluates impact/no-impact on corals.,,,TITLE_ABSTRACT,HIGH,False,"The record focuses on deep-water corals, an explicit sediment stressor (trawling-induced resuspension and deposition), and an explicitly assessed biological response via deposition thickness compared to tolerance thresholds. This matches the core inclusion criteria for exposure-response relationships or thresholds. The modeling approach is substantive and validated. The closest alternative would be CITATION_CHAIN_CANDIDATE, but the source does present an explicit sediment-related response assessment rather than merely providing a lead. Therefore CORE_INCLUDE is appropriate.",1,cd2aa9605a1be79a491d9ca813567fb13e645cd6ff409829c10c50f9b02b7c5d,ed60e3e443fee4956792a4ee5573b50f4bd67b59e66119418049138ab9ac0f2b
V6V-043,CWC-06C44FBDFF94,EXCLUDE,X02_TROPICAL_NOT_CLOSELY_TRANSFERABLE,"Corals in Sumiyo Bay, Amami Oshima; no indication of deep-sea or cold-water taxa.",Sediment-related reef disturbance is explicitly mentioned as an influence on coral calcification.,Coral calcification assessed using skeletal geochemical proxies and skeletal growth parameters.,"None; subtropical/tropical reef setting is not closely transferable to deep-sea or cold-water corals, and no comparability evidence is provided.",Not a useful citation-chain lead for deep-sea/cold-water sediment response evidence.,TITLE_ONLY,HIGH,False,"The title describes a long-term assessment of sediment-related reef disturbance on coral calcification in Sumiyo Bay, Amami Oshima, which indicates a subtropical/tropical reef setting. No evidence suggests deep-sea or cold-water corals or sponges. Although sediment exposure and a biological response are present, the environmental context is outside scope. This is not eligible for TRANSFERABLE_MECHANISM because the setting is not cold/temperate and the required comparability to deep-sea/cold-water taxa is unsupported. The closest alternative, CITATION_CHAIN_CANDIDATE, is not justified because the paper is not a deep-sea/cold-water source with sediment focus likely to lead to in-scope evidence.",1,44783dac9e5917ae349a68775bc5ac98c5b0dea01f5588a3453d63524883642d,3562fc88ce919e32f56070eea157d3b55aa08ee19e4f8559a84a822c8b5ffc4a
V6V-044,CWC-9605970AD899,EXCLUDE,X02_TROPICAL_NOT_CLOSELY_TRANSFERABLE,"Massive Porites corals at Lihir Island, Papua New Guinea (tropical scleractinian coral; not deep-sea/cold-water).","Anthropogenic turbidity from mining activities, with turbidity levels reaching 15-30 mg/l; sediment-related turbidity pathway.","Tissue thickness measured as a stress bioindicator; reduced tissue thickness and halted growth under high turbidity, with a 2.2 mm threshold.",,,TITLE_ABSTRACT,HIGH,False,"The record is a clear tropical coral study (massive Porites, Papua New Guinea) examining turbidity impacts on tissue thickness. It includes a sediment stressor (turbidity) and a substantive biological response, but the target population is warm-water/tropical, not deep-sea or cold-water. Per rules, warm-water/tropical studies default to EXCLUDE, even when they show analogous trait responses, because transferability to deep-sea or cold-water corals is not established. The closest alternative, TRANSFERABLE_MECHANISM, would require explicit evidence that the organism, environment, exposure, and response are closely comparable to target taxa, which is absent and contradicted by the tropical context. EXCLUDE is therefore appropriate.",1,03cc09fb62deb184e8b0db313932bda3a2defa511f7b56b1b06cb3e66e093645,3e0e877071c1bf006af9b78cbcc9473fe29fb02fe85f81934a72d1b488685840
V6V-045,CWC-210C328FBCBB,CITATION_CHAIN_CANDIDATE,C01_DEEP_COLD_CONTEXT_NO_RESPONSE,"Cold-water coral carbonate mound (Challenger Mound, eastern Porcupine Seabight); cold-water corals are the framework builders, but no specific species named.","Sediment accumulation, depositional processes, and climatic controls on sediment supply; no explicit sediment stressor or exposure pathway is evaluated.","No observed, measured, or hypothesized biological response to sediment; coral cover is noted as facilitating sediment accumulation but not as a response to sediment stress.",,Substantive deep-sea/cold-water coral carbonate mound study with a direct sedimentological and depositional focus; references likely include in-scope sediment-coral response studies.,TITLE_ABSTRACT,HIGH,False,"The abstract describes a cold-water coral carbonate mound's sedimentary sequence and its palaeo-environmental significance, but does not report any biological response to sediment exposure or a sediment stressor. While the organism is in scope (cold-water coral mound) and the sediment pathway is central (deposition, accumulation), there is no response evidence. This rules out CORE_INCLUDE. EXCLUDE would be too strong because the source has a specific sediment focus and is a credible lead for finding in-scope response literature. Therefore, CITATION_CHAIN_CANDIDATE is appropriate, with reason code C01 for deep/cold context lacking a response.",1,64fbf97b9ab60137a9cfbac20fa11b03ef29acd616ad41261eb0b944fdd4855b,93e38a0d0352614207cdb87678b856336e17327017b29f1e1dfd6c9af4413fd0
V6V-046,CWC-46C0E98BA4FE,CITATION_CHAIN_CANDIDATE,C01_DEEP_COLD_CONTEXT_NO_RESPONSE,"Cold-water coral carbonate mound (Challenger Mound, NE Atlantic); cold-water corals as mound builders.","Sediment accumulation, current-controlled sediment deposition and re-dispersal, iceberg rafting, depositional/preservational environment.","No observed, measured, or synthesized coral or sponge biological response to sediment exposure.",,Substantive deep-sea/cold-water coral sedimentological study focused on a cold-water coral carbonate mound; its reference list is reasonably likely to include studies on coral-sediment interactions and biological responses.,TITLE_ABSTRACT,HIGH,False,"The record concerns the depositional history and sediment contributors of a cold-water coral carbonate mound, with no biological response endpoint. It is a deep-sea/cold-water coral source with a strong sediment-focus, making it a credible citation-chain lead for sediment-related coral response evidence. It is not core because no organism-level response is reported. Exclude is inappropriate due to the deep-sea cold-water context and sediment focus. Transferable mechanism also not applicable because no response is assessed.",1,6a4f2d6d760beb88cbd30ccb14f19536411f39fe74dd6aa0ae11ab1ec42fe838,32b67c080626c662d8732585012159b058c258fab9ef4c8328ba0023556fd27d
V6V-047,CWC-0346CF77FF17,EXCLUDE,X02_TROPICAL_NOT_CLOSELY_TRANSFERABLE,"Tropical scleractinian coral Porites from Marinduque Island, Philippines (warm-water, not deep-sea/cold-water).",Mine tailings input and sediment transport as inferred from heavy metal concentrations in coral growth bands.,No biological response measured; only geochemical records of metal concentrations in skeletal bands. Growth bands reflect environmental exposure but not an eligible trait or biological response.,,,TITLE_ABSTRACT,HIGH,False,"The study concerns a tropical Porites coral from the Philippines, which is outside the deep-sea/cold-water scope. Though the stressor is sediment-related (mine tailings), the organism is warm-water and the rules prohibit treating tropical studies as transferable based on trait similarity. Additionally, the evidence is geochemical, not a biological response. The source is not a substantive deep-sea/cold-water lead, so CITATION_CHAIN_CANDIDATE is not appropriate. EXCLUDE with X02 is therefore preferred.",1,be0b78d17488dc1fb9328318e2da79f2fcd95f5052ec8e1e8a0780a6a91f6c70,c30895a7330dd2b1e330aa1cac44bc05b2a0eed9996d7fb8da81a5251f22429c
V6V-048,CWC-2C96B03E5DC4,EXCLUDE,X02_TROPICAL_NOT_CLOSELY_TRANSFERABLE,"Scolymia wellsi, solitary coral; SW Atlantic tropical reef species at Abrolhos Bank, Brazil.","Turbidity, turbid reefs, temperature, particulate organic carbon; no explicit deep-sea/cold-water sediment exposure.","Abundance, growth, bleaching, and health (proportion bleached/dead tissue); no explicit sediment-related organism-level response.",,,TITLE_ABSTRACT,HIGH,False,"This study concerns Scolymia wellsi on tropical SW Atlantic reefs (Abrolhos Bank, Brazil). Although it addresses turbidity and coral health/growth, it is a warm-water/tropical study; per decision rules, such studies default to EXCLUDE, and trait similarities are not transferable. The text does not establish a deep-sea/cold-water context or an explicit sediment stressor-response pathway, and it is not a deep-sea/cold-water sediment-focused source suitable for citation mining. Thus, X02_TROPICAL_NOT_CLOSELY_TRANSFERABLE is appropriate.",1,ab9b458cbd1fa24acc0dd506b228fbf460689c72fbcd88c0949baa559eabf1cc,3d66fa91ba7833ba50c03f8a117cc84791042ffa97fe9c686efcbd467ba0ddaa
V6V-049,CWC-17DD3B7BCE9D,CITATION_CHAIN_CANDIDATE,C01_DEEP_COLD_CONTEXT_NO_RESPONSE,"Cold-water corals (Isididae) on basaltic seamounts at ~2,000-2,500 m depth.","Deep currents described as influencing sediment cover; fine sediment swept away, coarse sediment accumulates.",No eligible biological response measured; coral distribution/abundance differences described.,,Substantive deep-sea/cold-water coral study focused on sediment and current control of coral distribution; likely references sediment-coral response literature.,TITLE_ABSTRACT,HIGH,False,"The abstract describes a deep-sea cold-water coral habitat distribution study at ~2,000-2,500 m depth. It reports sediment cover patterns and coral abundance differences related to deep currents. No eligible biological response (e.g., mortality, growth, physiology) is measured; the study is a distribution/habitat-description source. It is therefore not CORE_INCLUDE. It is a substantive deep-sea/cold-water coral source with a direct sediment and current focus, making its reference list a credible lead to in-scope response evidence. It is not EXCLUDE because it is a credible citation-chain candidate, and not TRANSFERABLE_MECHANISM because no trait response is tested.",1,6eae612177e944891e62bd46053e10a3eb30790217b117271f7e6462cd54fdf7,c43bd857088f5cc5e141d1c28a7124dc99c2528968de876b3101faaec2c4bdcc
V6V-050,CWC-9E67EE979CC6,EXCLUDE,X02_TROPICAL_NOT_CLOSELY_TRANSFERABLE,"Porites lobata, a reef-building coral; abstract describes near-shore tropical reef context, not deep-sea or cold-water.","Sedimentation explicitly identified as a stressor, with transcriptomic comparison across a critical sedimentation threshold.","Transcriptomic responses including gene expression changes, alternative energy generation pathways, apoptosis, and stress-response pathways; no direct organism-level fitness or physiological response reported in the abstract.",,,TITLE_ABSTRACT,HIGH,False,"The record concerns Porites lobata, a tropical reef-building coral, in a near-shore turbid reef setting. The rules explicitly state that warm-water and tropical corals default to EXCLUDE and that analogous traits or sediment responses do not justify transfer to cold-water/deep-sea taxa absent explicit support. The abstract provides no basis for considering this a closely comparable cold-water/temperate analogue. Although the stressor (sedimentation) and molecular responses are clear, the organism is out of scope, so this is not a citation-chain candidate. EXCLUDE with X02 is the most appropriate decision.",1,bc63010bf31111927737539a5edfbb55946a7389095e161274a48f11c9bafadf,e4c8e8c4285cec7f9cf18b85ea95a02581f84b73a6a890e76588d520e76f377c
V6V-051,CWC-E207D22CEB59,EXCLUDE,X01_ORGANISM_OUT_OF_SCOPE,"Coralline algae (Mesophyllum engelhartii, Lithothamnion sp.) in a deep-water rhodolith bed; these are algae, not corals or sponges.","Experimental sediment burial with fine and coarse sediments mimicking drill cuttings, plus light attenuation.",Bleaching/colour changes and photosynthetic fluorescence responses measured over time.,,,TITLE_ABSTRACT,HIGH,False,"The abstract clearly identifies the study organisms as coralline algae, not corals or sponges. The scope of this evidence set is limited to deep-sea or cold-water corals and sponges. Therefore, the organism is out of scope, regardless of the deep-water setting and sediment burial stressor. Exclude with X01_ORGANISM_OUT_OF_SCOPE.",1,3cb42c6255fb8583f199996186d1a28c97449f7e7c4ffb6c47f4f5a059c28328,e0b70b37e28c01e9cfbaa086600479c7edc7b2f0a63063819fc1fb86eca63aa0
V6V-052,CWC-4FA30D292001,CITATION_CHAIN_CANDIDATE,C01_DEEP_COLD_CONTEXT_NO_RESPONSE,Cold-water corals (framework-forming CWCs) in a Mediterranean coral mound.,"Sediment supply, deposition, suspended sediments, and baffling of sediments by coral framework.",No observed or measured biological response; the study focuses on sedimentary processes and mound aggradation rates.,,Deep-sea/cold-water coral study with a direct sediment-deposition and mound-formation focus; its references likely include coral-sediment interaction and response studies.,TITLE_ABSTRACT,HIGH,False,"The record is a sedimentological study of cold-water coral mound formation, explicitly linking coral framework baffling, ecological accommodation space, and sediment supply. However, it reports physical sedimentary responses (mound aggradation, grain-size shifts), not a biological or physiological response in corals. Therefore, it does not meet CORE_INCLUDE criteria. It also does not test a transferable mechanism (no organism-level sediment response). As a substantive deep-sea/cold-water coral source with direct sediment focus, it is a credible citation-chain lead for finding in-scope biological response evidence. EXCLUDE is not appropriate because the context and sediment pathway are clearly relevant. UNCERTAIN is unnecessary given the full abstract.",1,f749a65e9692319acadbfbae542d0c919d0773f6530b513e323b6b9834d6c185,cda6bca24bb8c10397457e0831b8624a998d77446648942c0bbbc474ff7c1425
V6V-053,CWC-5B3ED894DEED,CORE_INCLUDE,,Glass sponge Aphrocallistes vastus (deep-sea/cold-water sponge).,Explicit suspended sediment exposure.,"Feeding current arrests, an eligible feeding/pumping/filtration response.",,,TITLE_ONLY,MEDIUM,True,"The title explicitly identifies a cold-water glass sponge (Aphrocallistes vastus) and a measured biological response (feeding current arrests) to suspended sediment exposure, satisfying the core organism, stressor, and response criteria. Although the record is a dataset rather than a journal article, the title directly reports the finding and is associated with a scientific publication (Grant et al.), so it is considered a substantive source. No abstract is available, but the title is unambiguous. The closest alternative would be to exclude for source type, but given the high-recall purpose and explicit match, inclusion is preferred. Needs full-text verification for detailed extraction.",1,086a2ca0502e78f57c04a1b372c8ec2e25e6e7be5da0e5a1bf9d8c70da2a0b34,34303f6017dfd91cab3cd0c58329b091be8f8d22af0616537c5a56522ece23fb
V6V-054,CWC-5A06A3A51CB3,CITATION_CHAIN_CANDIDATE,C01_DEEP_COLD_CONTEXT_NO_RESPONSE,"Deep-sea corals Lophelia pertusa, Madrepora oculata, and octocorals are named as habitat formers, but measured organisms are sediment macrofauna, not corals or sponges.","Sediment accumulation and geochemistry (mud, organic carbon) are central, but sediment is characterized as habitat context rather than an explicit stressor or exposure to corals.","Responses reported are macrofaunal density, diversity, composition, and functional traits; no coral or sponge biological response to sediment is described.",,"Substantive deep-sea coral habitat study with a direct sediment focus on push cores, geochemistry, and macrofauna; likely references coral-sediment interaction literature that could include in-scope responses.",TITLE_ABSTRACT,HIGH,False,"The abstract clearly indicates that the study's biological responses belong to macrofauna, not corals or sponges, so it fails CORE_INCLUDE. The deep-sea coral and sediment focus makes it a credible citation-chain lead, as its references may point to coral/sponge sediment-response evidence. Thus CITATION_CHAIN_CANDIDATE with C01 is preferred over EXCLUDE.",1,77dc65263b043443479998d9827b7f2d899495838a395490d17891e954e93dd6,789efd50a0ceeac7511913930477817434ec3e84b42c59b93f1d3e59b3f2a4ed
V6V-055,CWC-7398D80B9FD9,UNCERTAIN,U01_MISSING_ABSTRACT,Coral mentioned in title; no indication whether deep-sea/cold-water or tropical.,Drilling mud plumes (sediment-related) from offshore drilling operations.,Implications for coral survival; survival response is eligible but no details on measurement or assessment.,,,TITLE_ONLY,LOW,True,"Title indicates sediment-related exposure (drilling mud plumes) and a biological response (coral survival), which are within scope. However, the record lacks an abstract or other text to verify the coral species/habitat (deep-sea/cold-water vs tropical) or the nature of the survival evidence (measured, modeled, or inferred). The title alone is insufficient to confirm the organism is within scope or that a substantive response is reported. Because confidence is low and the record is ambiguous, UNCERTAIN is required. Closest alternative CORE_INCLUDE would require evidence that corals are deep-sea/cold-water and that survival is an observed/assessed response, which is missing. EXCLUDE is not appropriate because no clear scope failure is documented.",1,f1f71514f19aad0d8f32579409eb645cbf4221d60b350ae35b70c27b63e678c7,759ec8033b8458bf4e2684554b4f52243c7f77a4ebb279da3f9b23d9fe3b01df
V6V-056,CWC-76D1F696686D,CORE_INCLUDE,,Deep-sea New Zealand sponge Ecionemia novaezealandiae (Demospongiae: Ancorinidae).,"Elevated suspended sediment concentrations (32, 78, and 475 mg/l) versus control (no added sediment) for two weeks.",Survival was 97% with one death at 475 mg/l; partial necrosis in half of sponges at 475 mg/l; respiration rates decreased by 27–60% after day 1 and by 7–27% after 14 days relative to controls.,,,TITLE_ABSTRACT,HIGH,False,"The record explicitly describes a deep-sea sponge exposed to elevated suspended sediment concentrations and reports measured biological responses including survival, necrosis, and respiration rates. This satisfies all core requirements: organism in scope, explicit sediment pathway, and observed biological responses. No ambiguity or need for transferability. The source is a substantive journal article. Therefore CORE_INCLUDE is the appropriate decision.",1,46a6c31ef72bd259468688aaa45ddb74fae5d42a22f696d140f2041d29d74b98,b6ce01c15c21c9406f80965a35f39145ddfc3c00afa50de6c393cfa66bc00a3c
V6V-057,CWC-18944FFDFC6F,EXCLUDE,X02_TROPICAL_NOT_CLOSELY_TRANSFERABLE,"Turbinaria mesenterina, a scleractinian reef coral from the inner Great Barrier Reef lagoon; tropical/warm-water, not deep-sea or cold-water.",Experimental sediment loading and flow conditions; sediment loads exceeding 110 mg cm^-2 in a factorial tank experiment.,"Measured physiological responses: skeletal growth rate, lipid content, and photosynthetic performance; also observed sediment clearance within 45 h.",,,TITLE_ABSTRACT,HIGH,False,"The study investigates a tropical reef coral from the Great Barrier Reef lagoon, not a deep-sea or cold-water coral or sponge. Although sediment exposure and biological responses are present, the organism is outside the core scope and the warm-water/tropical context cannot be assumed transferable to deep-sea/cold-water taxa. The abstract provides no evidence that the organism, environment, exposure, or response are closely comparable to target taxa, so TRANSFERABLE_MECHANISM is inappropriate. It is also not a credible CITATION_CHAIN_CANDIDATE because it is not a deep-sea/cold-water sediment-focused source. Therefore EXCLUDE with X02 is warranted.",1,5aa9596d6216d6f45a7c8bec38db21336320fc2e978015cc2a4459260f2e3e33,e805745881fa967fee4e8a404b0eb955803bb27584127db74c219292277d6ec4
V6V-058,CWC-3A2EA7B59FD6,EXCLUDE,X03_STRESSOR_OUT_OF_SCOPE,"Cold-water corals (Desmophyllum dianthus, Madrepora oculata, Lophelia pertusa, Paramuricea cf. macrospina, Leiopathes glaberrima) and associated fauna from a deep Mediterranean cold-water coral bank (300-1100 m).","No explicit sediment-related exposure or pathway. The study analyzes suspended and sedimented particulate organic matter as potential food sources, not as a stressor.",Diet composition and trophic pathway inferred from stable isotope analysis; no sediment-related biological response reported.,,,TITLE_ABSTRACT,HIGH,False,"The record concerns cold-water coral trophic ecology using stable isotopes. Although it mentions sedimented organic matter, this is a food-source variable, not an explicit sediment stressor or pathway. No sediment-related biological response (e.g., mortality, growth, feeding under sediment exposure, burial tolerance) is reported. Thus it does not meet core inclusion criteria. The absence of a sediment stressor is a specific eligibility failure, so exclusion is appropriate rather than citation-chain candidacy, which requires a direct sediment/drilling/monitoring focus for reference mining. Warm-water transferability is irrelevant.",1,a0e1b5f668f7a159de20f030ed391f37fd780cd5243feec1e90c82737d9e3fcb,0726eb02c348ace89f5b7290804b2f6c599a1006b56789f8af3a223ecf61856e
V6V-059,CWC-8BE9C2FB3ACC,EXCLUDE,X01_ORGANISM_OUT_OF_SCOPE,"Late Miocene shallow-water coral ecosystems in Crete (Greece), dominated by Porites, Siderastraea, Tarbellastraea, Acanthastraea; not cold-water or deep-sea corals.","Freshwater discharge and sediment dispersal, including burial by elastic sediments in delta settings.","Coral growth, ecological structure, geometry, rhythmic reef demise, and burial by elastic sediments.",,,TITLE_ABSTRACT,HIGH,False,"The record explicitly studies shallow-water coral ecosystems from the Miocene of Crete, not deep-sea or cold-water corals or sponges. Although sediment dispersal and burial are central, the organism is outside the defined scope. Warm-water/tropical shallow-water coral studies default to EXCLUDE, and no explicit comparability to deep-sea or cold-water taxa is provided. This is not a substantive deep-sea/cold-water sediment-focused source, so it does not qualify as a citation-chain candidate. Thus EXCLUDE with X01 is preferred over any other category.",1,90c2d57d5a89df902aba1e278083ac293b49a1b495be8a05eaf4fc932a5d00e2,b98f16d49a9edb25a39b4b7592b6d854df4d12d7c588b47d7e1d6e6e2590f7ac
V6V-060,CWC-CBED2EBBD4BB,CITATION_CHAIN_CANDIDATE,C03_STRESSOR_OR_TRAIT_LEAD,Cold-water coral mounds (coral province) in the southern oceans; deep-sea cold-water corals.,"Suspended sediment and food particles, contourite deposition, burial, excessive sedimentation.","No eligible biological response reported; mentions coral growth conditions and mound demise/burial due to sedimentation, but not measured biological effect.",,"Deep-sea cold-water coral mound province study with direct focus on sediment transport, deposition, and burial; likely to cite studies on sediment-related coral responses.",TITLE_ABSTRACT,HIGH,False,"This record is a deep-sea cold-water coral study focused on geological, oceanographic, and sedimentary processes. It explicitly discusses suspended sediment, contourite deposition, and burial of coral mounds, making it a strong citation-chain lead for sediment-related coral response evidence. However, it does not report an observed, measured, or explicitly assessed biological response to sediment stress, such as mortality, growth, or physiology. Therefore, it cannot be CORE_INCLUDE. It is not a warm-water study, so EXCLUDE is inappropriate. CITATION_CHAIN_CANDIDATE with reason C03 is most suitable because the source's sediment and deposition focus is likely to lead to in-scope response studies.",1,06500233fe332da7117e0926a7c0f4b85638fd2194224f24556a21929596cbb9,18a117af2217d9d5a29c6dece5dfc8145bc8a01a699e73890f0c04b3dc77a257
V6V-061,CWC-1DE2577D74AE,EXCLUDE,X02_TROPICAL_NOT_CLOSELY_TRANSFERABLE,"Soft coral Sinularia, from turbid waters of Singapore (tropical)",Turbid waters in Singapore; explicit sediment pathway not described in title or abstract,"Photophysiological studies, but no specific sediment-related biological response reported in the available text",,,TITLE_ONLY,HIGH,False,"The title explicitly places the study in Singapore, a tropical environment. The soft coral Sinularia is a tropical coral, not a deep-sea or cold-water species. The rules state that warm-water and tropical corals default to EXCLUDE, even if traits like turbidity tolerance are measured. No evidence in the title suggests deep-sea/cold-water context or transferability. There is no abstract to consider for a possible exceptional TRANSFERABLE_MECHANISM, and Singapore is not a cold/temperate environment. Thus, the appropriate category is EXCLUDE with reason X02_TROPICAL_NOT_CLOSELY_TRANSFERABLE.",1,8b1ad63692acb164fa9fab549970d95f57265b930713bff565fe8c102b5b3def,93a976c0ce02a4f92b4e532366f48661f55c1d17f96b8aa8495b054f26bfc376
V6V-062,CWC-BA4201820CB9,EXCLUDE,X03_STRESSOR_OUT_OF_SCOPE,"Deep-sea bamboo corals Keratoisidinae (family Isididae) at 850–960 m and 1,135–1,160 m depth.",Sea urchin presence/perching and possible bioerosion/corallivory; historical fishing impacts; no sediment-related exposure or pathway.,Massive tissue and polyp loss (potential polyp bailout) on Keratoisidinae colonies; density of sea urchins on dead/partly dead coral.,,,TITLE_ABSTRACT,HIGH,False,"This record is about deep-sea bamboo corals, but the stressor examined is sea urchin presence and possible bioerosion/corallivory, with fishing as background impact. No sediment-related exposure, turbidity, deposition, burial, or particulate pathway is mentioned. The polyp/tissue loss is a biological response, but it is not linked to a sediment stressor. Therefore, the stressor is out of scope, and the record is excluded. It is not a citation chain candidate because it lacks a sediment focus.",1,167617790c6aae1bd0d3892fe60d2253ff7820f72a7ec68f9a5c7fe96ded6931,b8124626fbe3a002dd9302eb148fda8c9f97ff2d10a407003571f9c7313cd0f3
V6V-063,CWC-F251FAB22189,EXCLUDE,X08_OTHER_SCOPE_FAILURE,Mixed cold water coral community; cold-water corals in a lower bathyal habitat.,"No explicit sediment-related exposure or stressor; coarse sediment is described as a habitat substrate, not as a deposition, burial, turbidity, or resuspension pathway.",No eligible biological response reported; the record is a habitat classification description.,,,TITLE_ABSTRACT,HIGH,False,"This record is a habitat classification page describing a biotope ('Mixed cold water coral community on Atlantic lower bathyal coarse sediment'). It provides physical habitat characteristics and species composition but contains no explicit sediment-related exposure, pathway, or biological response (e.g., mortality, growth, sediment clearance). The mention of coarse sediment is as a habitat type, not as a stressor. It does not meet CORE_INCLUDE. It is not a study of a transferable mechanism, and it is not a substantive source with a reference list likely to yield response evidence on sediment impacts; it is a classification record. Therefore, it is excluded under OTHER_SCOPE_FAILURE.",1,42ee725eb337005e2b1520091af32c52d49aa44d6072f90e6312c49054a99095,135d5bc26a87e4e809822cf5a56ee66704160799fe5e414f0cc5a5299627b8d4
V6V-064,CWC-779725E87382,EXCLUDE,X02_TROPICAL_NOT_CLOSELY_TRANSFERABLE,"Coral Acropora cervicornis, a warm-water/tropical species.",Used drilling mud and kaolin-induced turbidity; drilling-fluid exposure and turbidity were explicitly tested.,"Measured calcification rate, soluble tissue protein, total ninhydrin positive substances (NPS), and zooxanthellae loss; significant responses at various concentrations.",,,TITLE_ABSTRACT,HIGH,False,"This study directly tests the effects of drilling mud and turbidity on Acropora cervicornis, which is a tropical/warm-water coral, not a deep-sea or cold-water taxon. Although the stressor and responses are eligible, the warm-water organism default is EXCLUDE under X02 because the supplied text provides no explicit evidence that these findings are closely transferable to deep-sea or cold-water corals. The abstract does not mention cold-water or deep-sea comparability, so the tropical nature is a specific eligibility failure. No citation-chain basis applies because this is a warm-water paper and not a justified lead for deep-sea/cold-water evidence.",1,7d73d8ba0c87f797dede5660a4d444a0a9c8d2800734224c418f29139edec6ec,80a443cb866b29a8de2d273722b803d23f687c96bf26c5cf610caff7074fb670
V6V-065,CWC-7AB116ED33BE,EXCLUDE,X02_TROPICAL_NOT_CLOSELY_TRANSFERABLE,"Study focuses on hard corals (total and acroporids) on west Pilbara coral reefs, a tropical/subtropical shallow-water system, not deep-sea or cold-water corals/sponges.","Turbidity gradients and a nearby dredging program are examined as factors influencing recovery, but no deep-sea or cold-water sediment exposure context.","Coral recovery dynamics (cover, recruitment, juvenile abundance) tracked after bleaching, with turbidity as a correlate, but not an organism-level sediment response in deep-sea/cold-water taxa.",,"Tropical turbid-reef study with dredging; lacks deep-sea/cold-water focus, so not a useful citation lead for target sediment impacts.",TITLE_ABSTRACT,HIGH,False,"The abstract explicitly describes tropical shallow-water coral reefs in west Pilbara, with turbidity and dredging as context. Organisms are not deep-sea or cold-water corals/sponges. Per rules, warm-water/tropical studies default to EXCLUDE, and no mechanism is transferable because comparability to deep-sea/cold-water taxa is unsupported. The closest alternative would be citation-chain, but that requires a substantive deep-sea/cold-water source, which this is not.",1,7412a3777e17857a2ca6f4b8e4c7a617f81e9e779843ac286777b66281d086a9,7607a004265a01b3540ee1c89ef0c65aff70ed3512223adc7696c6568ed27a09
V6V-066,CWC-2AC814A58B52,EXCLUDE,X02_TROPICAL_NOT_CLOSELY_TRANSFERABLE,"Tropical Great Barrier Reef corals (e.g., Acropora, Montipora, Turbinaria, Goniopora, Galaxea, Porites).",Elevated turbidity and sedimentation; terrigenous sediment inputs.,"Reports live coral cover, sediment-tolerant species, reef accretion/growth, and community composition, but only in a warm-water tropical setting.",,,TITLE_ABSTRACT,HIGH,False,"The record concerns warm-water tropical inner-shelf reefs of the Great Barrier Reef, not cold-water or deep-sea corals or sponges. Sediment stressor and coral response are present, but tropical studies default to EXCLUDE per rules, regardless of apparent trait similarity. It is not a close cold/temperate analogue and no explicit transferability to deep-sea/cold-water taxa is provided. A warm-water review cannot serve as a citation-chain lead for the cold-water/deep-sea evidence set.",1,e55e6bcdc3005c5c7c29a85c4e46bbddb34a5d599ca4eb6bcd0b0bd7f59ca1c1,4a9660a27bf0501286b2d0e87ae196fcd684aa4210ff69107fe62abf4a6d1543
V6V-067,CWC-9E593C627937,CORE_INCLUDE,,"Cold-water glass sponges (Porifera), including Aphrocallistes vastus, Heterochone calyx, Farrea occa, and Rhabdocalyptus dawsoni, at Canada's western continental shelf reefs.",Suspended sediment concentrations (SSC) of 10–80 mg/l; small disturbances <5–10 mg/l; exposures of 3.2 mg/l and <1 mg/l above natural turbidity; modeled sediment plume transport.,Decreased excurrent flow rate (r = -0.83 to -0.92); single arrests (~5 min) and coughing arrests (>30 min); reduced feeding up to 70%; species-specific filtration arrest thresholds; clogging and pumping cessation after prolonged exposure.,,,TITLE_ABSTRACT,HIGH,False,"This dissertation directly studies cold-water glass sponge reefs and explicitly links suspended sediment exposure to biological responses. It reports in situ measurements of filtration/pumping arrests and reductions in feeding, including thresholds and species-specific differences. All required elements (organism, sediment stressor, biological response, substantive source) are present, so CORE_INCLUDE is appropriate. The closest alternative, TRANSFERABLE_MECHANISM, is unnecessary because the study is already on deep-sea/cold-water sponges. No exclusions apply.",2,eb32c6a63da02bb8793fda18ac031324f085dc384fdbc2dc4e56be4c38ff279a,f69231a756be9eeab0b5bcb608cddcd1a35567cb8abefaa00474156734cfd970
V6V-068,CWC-7AA036DA12C4,EXCLUDE,X04_SEDIMENT_PATHWAY_NOT_EXPLICIT,Massive sponges (Geodia and others) in Atlanto-Arctic upper bathyal mixed sediment habitat.,No explicit sediment stressor or exposure pathway; 'mixed sediment' is a habitat/biotope descriptor only.,No biological response to sediment reported.,,,TITLE_ABSTRACT,HIGH,False,"Record is a habitat classification entry describing a deep-sea sponge biotope on mixed sediment. It reports no sediment exposure pathway and no organism-level response. Although the organism is a cold-water sponge and sediment type is mentioned, the description does not evaluate sediment-related effects. This is a habitat-description source, not an eligible response study, and the sedimentary habitat does not justify citation-chain mining for sediment-impact evidence.",1,9ba0c3607a55b706191e502d9c28f4e6946a89e9e8e120c8ed2f1c66e2dfe432,5e6cfb178dea790ed3a38ec1364a6458a8b299c671a181e08bdf5f0491252f1c
V6V-069,CWC-97AB95DDFDBD,CORE_INCLUDE,,Juvenile cold-water coral Caryophyllia (Caryophyllia) huinayensis from Chilean Patagonia.,Experimental aquarium exposure to three sediment loads: natural concentration and 100- and 1000-fold higher levels from gravel road use and coastal erosion.,"Measured changes in coral mass, calyx dimensions, polyp expansion, tissue retraction, respiration, growth; at high loads decreased tissue cover (32% and 80%), decreased respiration (34% and 66%), reduced polyp expansion, and ~95% growth reduction.",,,TITLE_ABSTRACT,HIGH,False,"The record explicitly describes a cold-water coral, an experimental sediment stressor, and organism-level biological responses (tissue, respiration, growth, polyp behavior). This meets all core inclusion criteria. No need for transferability or citation-chain reasoning. The closest alternative would be exclusion, but the evidence clearly shows eligible responses in a deep-sea/cold-water context.",1,c65c89438ba717d3d4006a101910fc09dd30ab4ef2bfed2e181629221792cb23,9bdea90d0a9d91a1f2ca17adab38b2309e69fa17909b3a0c392e1676351baefa
V6V-070,CWC-2832DDED6B65,EXCLUDE,X01_ORGANISM_OUT_OF_SCOPE,"No coral or sponge organisms are studied; 'Coral' is the name of a gas field, not a biological taxon.","Sediment transport and deposition are described in a geological context (turbidity flows, bottom currents, reservoir architecture), but not as a stressor affecting biota.",No biological response is reported.,,,TITLE_ABSTRACT,HIGH,False,"The record concerns sedimentary geology and reservoir characterization of a deep-water play named the 'Coral Field'. There is no coral or sponge organism, no sediment-related biological stressor, and no organismal response. The term 'Coral' is not a taxonomic reference. This is outside the evidence set, and the source is not a credible citation-chain lead for biological sediment effects.",1,e7f70a804ce271ca4a163e1343f982de5111246cce744afa70926984022a3045,a54a267ba95aa66f805ef1b9e75920a948ab20a3972e2e3d39721d2e2c611d55
V6V-071,CWC-6D05CBCA75EC,EXCLUDE,X03_STRESSOR_OUT_OF_SCOPE,Deep-sea cold-water corals mentioned as habitat-forming taxa supporting infaunal sediment communities.,Deepwater Horizon oil spill; no explicit sediment-related exposure or pathway for corals/sponges.,No coral or sponge biological response reported; focuses on impacts to sediment-associated infaunal communities.,,,TITLE_ABSTRACT,HIGH,False,"The title and available abstract describe impacts of the Deepwater Horizon oil spill on deep-sea coral-associated sediment communities, focusing on infaunal communities living in sediments around cold-water corals. No coral or sponge sediment-response is reported; the stressor is oil, not an explicit sediment, drilling, burial, or resuspension pathway. The nearest alternative, CITATION_CHAIN_CANDIDATE, is not appropriate because the source's focus is oil spill effects on sediment-dwelling infauna rather than a sediment-focused deep-sea coral/sponge lead.",1,175f5842b93ddb43391d40be85bbc3e53a14e8ad0220c698e2b6e418795446c9,f612f83e9787db734528c46a71bbcbedced97ad86711f27682a3e18c5cfecea1
V6V-072,CWC-B1DE4BEDAD33,CITATION_CHAIN_CANDIDATE,C01_DEEP_COLD_CONTEXT_NO_RESPONSE,"Cold-water coral framework and sponge skeletons are habitats; study organism is nematodes, not corals or sponges.",Sediment-clogged cold-water coral framework in the Porcupine Seabight; sediment infill between coral branches and sponge spicules.,Nematode community composition and microhabitat preferences; no coral or sponge biological response reported.,,Substantive cold-water coral habitat study with a direct sediment-framework focus; likely to cite studies on coral-sediment interactions and responses.,TITLE_ABSTRACT,HIGH,False,"The study examines nematode communities on cold-water coral framework, sponge skeletons, and sediment. It does not report a coral or sponge response to sediment. Therefore it is not CORE_INCLUDE or TRANSFERABLE_MECHANISM. However, as a deep/cold-water coral habitat study explicitly addressing sediment-clogged framework, it is a plausible citation-chain lead for sediment-related coral/sponge response studies. EXCLUDE is not preferred because the paper is substantive and directly about cold-water coral sediment habitat, even though the measured organisms are nematodes.",1,70215350b8ffd8adceeb5bed3bd45309c4b81056beced94be556f360972c59b6,e9cb9680c229a6cb0cfb7d1f5fcab77a1f8d536fc8aebe12891a442bb83d1043
V6V-073,CWC-69021E665E71,EXCLUDE,X02_TROPICAL_NOT_CLOSELY_TRANSFERABLE,"Pocillopora damicornis; coral transplants in Maui, Hawai'i.","Range of sediment influence in Maui, Hawai'i.",Growth and mortality of transplants.,,,TITLE_ONLY,HIGH,False,"Title identifies a tropical Pacific coral (Pocillopora damicornis) transplanted along a sediment influence gradient in Maui, Hawai'i. Although responses (growth, mortality) are reported, the study is a warm-water tropical setting with no evidence of transferability to deep-sea or cold-water corals. Tropical studies default to EXCLUDE under the rules; no basis for TRANSFERABLE_MECHANISM is provided.",1,c8390f58ad93352d6cd5cd2ab87b1cd4c8047bf919c9cd622c197a4ef6a1fcd4,3546a14dee73a0faf3bab8111e2875c12b1417caa12f946424e18bfcec191a9b
V6V-074,CWC-6C77DE24BB65,EXCLUDE,X02_TROPICAL_NOT_CLOSELY_TRANSFERABLE,"Tropical fringing coral reefs; branching Acropora, Porites cylindrica, Millepora intricata; no deep-sea or cold-water coral or sponge.","High turbidity setting and macrotidal environment, but no explicit sediment exposure, plume, burial, or turbidity-response pathway evaluated.","Holocene reef accretion rates and catch-up growth history; not an observed or measured organism-level sediment response such as mortality, growth, physiology, or clearance.",,,TITLE_ABSTRACT,HIGH,False,"The source describes Holocene reef growth in a turbid tropical setting in northwestern Australia. The organisms are warm-water corals (Acropora, Porites, Millepora) rather than deep-sea or cold-water corals or sponges. The high-turbidity context is environmental, but no explicit sediment exposure or biological response is reported; the record is geological/reef accretion history. Warm-water tropical studies are excluded from the evidence set unless closely transferable, and this record lacks any organism-level sediment response or deep-sea/cold-water relevance. It is not a credible citation-chain lead for the target evidence. Thus EXCLUDE with reason X02 is appropriate.",1,13c9c11335aac334765f2f22804630edb0d55c58a94620ffcdf14c441901f5f7,43863719a874808705e0ca061115b910419f8a1773be850bfc65a52495fb7d91
V6V-075,CWC-F7A81C9D6F69,EXCLUDE,X02_TROPICAL_NOT_CLOSELY_TRANSFERABLE,Coral reef ecosystems; no explicit cold-water or deep-sea corals or sponges.,Ship propeller-induced water flow causing sediment erosion and resuspension.,Mentions coral reef habitat damage but no measured coral/sponge biological response reported separately.,,,TITLE_ABSTRACT,HIGH,False,"The record concerns generic coral reef ecosystems and ship propeller thresholds based on sediment rate indicators. No evidence indicates deep-sea or cold-water corals or sponges. The response is not a quantified biological effect on corals or sponges, but rather an engineering threshold for propeller operation. As a warm-water/tropical coral reef study, it does not meet scope, and no transferability basis is provided for cold-water or deep-sea comparability. Therefore, EXCLUDE with X02.",1,5063d5397f02d52563aab37be3608cbee37c93df2d1c73f4c6955cdd4634e80c,f5fe050f495b9cf1e5548f96eac28821f2e7e307f67e04e7e1f4e9c23a97d0b4
V6V-076,CWC-5C133F8FCB0A,CORE_INCLUDE,,Deep-sea glass sponge Vazella pourtalesii (Porifera).,Sediment deposition and high suspended sediment concentrations explicitly mentioned.,"Behavioral and phenological responses: passive locomotion, contracting behavior, impacts on filtering capacity, and coping with high suspended sediment.",,,TITLE_ABSTRACT,HIGH,False,"The record directly concerns a deep-sea sponge (Vazella pourtalesii) and evaluates its responses to sediment deposition and suspended sediment. The abstract explicitly describes behavioral and physiological responses such as passive locomotion, contracting behavior, and impacts on filtering capacity. This matches the core definition for an observed or assessed sediment-related biological response in a deep-sea sponge. No exclusion criteria apply. The truncated abstract is sufficient to confidently classify as CORE_INCLUDE.",1,af20bc6537fb1a38ce986268d94ef01421ab75935b749c36865a8334d5107512,c4844facab82ad42bca6d3e306f8dd8255d3b28f45c6101802339a9aab4ec42e
V6V-077,CWC-ED60A172A904,EXCLUDE,X01_ORGANISM_OUT_OF_SCOPE,"Study focuses on herbivorous fishes, not corals or sponges. Corals are mentioned only as substratum for fish feeding.","Sedimentation is a stressor, but it is assessed in relation to fish feeding behavior and biomass, not coral or sponge responses.","Measured responses are fish feeding frequency, fish biomass, and grazing rates; no coral or sponge biological response is reported.",,,TITLE_ABSTRACT,HIGH,False,"The record concerns herbivorous fishes in subtropical coral reefs. Although it examines sedimentation effects, the organisms of interest are fish, not corals or sponges. It does not report any sediment-related biological response for corals or sponges. No deep-sea or cold-water context is present. Therefore it is excluded as organism out of scope. It does not qualify as a citation-chain candidate because it is not a substantive deep-sea/cold-water coral/sponge source with a sediment focus.",1,83c9de38c9a840ffacbbffca0a66062f1c2168e18b85830c9ccd31ccd3c4c238,dbb977b4f7e46a3850a0ba70eb43f9600c670ed92ba65c1d76edf5127cc554fb
V6V-078,CWC-F020341AAC3E,CITATION_CHAIN_CANDIDATE,C02_REVIEW_OR_MONITORING_LEAD,Cold water corals: Lophelia pertusa and Paragorgia arborea in the Norwegian Sea.,Drill cuttings and drilling mud; sedimentation of discharged particles; exposure to chemicals from drilling activities.,No explicit biological response reported. Abstract mentions 'evaluation of effects on corals' and camera observation before/after drilling but no measured or observed response is described.,,Substantive deep-sea/cold-water coral source with direct drilling/sediment focus; operational study likely cites response or effect studies on drill cuttings/mud impacts on cold-water corals.,TITLE_ABSTRACT,MEDIUM,False,"The record concerns cold-water corals (Lophelia pertusa, Paragorgia arborea) in the Norwegian Sea and their potential vulnerability to drill cuttings and drilling mud. The abstract states that the company studied effects and conducted camera observations before/after drilling, but it does not report any observed or measured biological response such as mortality, growth, reproduction, or other traits. Therefore it does not meet CORE_INCLUDE. Because it is a substantive deep-sea/cold-water coral source with a direct drilling/sediment monitoring focus, it is a reasonable citation-chain lead to actual effect studies. It should not be excluded because the organism and stressor are in scope; only the response evidence is missing.",1,3825e1a79040fefb86092c62f3319e439dba7376bdb63959ae82dce7f9fdcfec,030041800a2259d63b2eeb8455a9fdc9c68e72e09f5be5bbe39557176117b942
V6V-079,CWC-164896B230FA,EXCLUDE,X02_TROPICAL_NOT_CLOSELY_TRANSFERABLE,Intertidal coral reefs,Dredging,"Ecological and physiological parameters (title-level, no specific response reported)",,,TITLE_ONLY,HIGH,False,"Title clearly identifies intertidal coral reefs in Thailand, indicating a tropical warm-water environment. The stressor (dredging) is explicit, but the target organisms are outside the deep-sea/cold-water scope. The title provides no evidence of comparability to deep-sea or cold-water corals or sponges, and warm-water tropical studies are excluded unless closely transferable, which is not supported. Therefore EXCLUDE with X02.",1,39a71be263be84e9dee1c944b5c522343499fd89a291d356bff24750118c0ce2,a9dabfcc12893a53bc7a9cfc3284bbfb24477225dcdf1bff17a1406cb98801fd
V6V-080,CWC-227A2136AB45,CORE_INCLUDE,,"Hexactinellid deep-water sponge Vazella pourtalesii from Emerald Basin, Nova Scotia, Canada.",Temporarily elevated concentrations of suspended natural sediment; repeated exposure in ex situ chamber-based measurements over 7 and 14 days.,Physiological responses: bacterial clearance rates and oxygen consumption (respiration) rates. Normal clearance/respiration over 7 days; significant decline in clearance after 14 days.,,,TITLE_ABSTRACT,HIGH,False,"The record explicitly describes a deep-sea cold-water sponge (Vazella pourtalesii) exposed to elevated suspended natural sediment, with measured physiological responses (bacterial clearance and respiration rates). This directly matches the core inclusion criteria: target organism, explicit sediment pathway, and observed biological response. No inference or transferability is needed. Excluded alternatives are not relevant because the source provides a direct core response.",1,89ac3b41733f402eed20a3b23d68135039aa36d047e2347b3a293fbd2d42049a,e0e546a5dbe05f43cd4ef9874b9b9f0271f60d55a7a368deebf51de1391b4d25
